Index,Incoming Calls,Answered Calls,Answer Rate,Abandoned Calls,Answer Speed (AVG),Talk Duration (AVG),Waiting Time (AVG),Service Level (20 Seconds),Status
1,217,204,94.01%,13,00:00:17,00:02:14,00:02:45,76.28%,No
2,200,182,91.00%,18,00:00:20,00:02:22,00:06:55,72.73%,No
3,216,198,91.67%,18,00:00:18,00:02:38,00:03:50,74.30%,Yes
4,155,145,93.55%,10,00:00:15,00:02:29,00:03:12,79.61%,No
5,37,37,100.00%,0,00:00:03,00:02:06,00:00:35,97.30%,No
6,315,304,96.51%,11,00:00:18,00:01:35,00:02:37,77.17%,Yes
7,252,244,96.83%,8,00:00:13,00:01:50,00:02:02,82.00%,No
8,213,205,96.24%,8,00:00:10,00:02:10,00:03:22,88.10%,No
9,219,200,91.32%,19,00:00:15,00:02:18,00:06:12,79.45%,Yes
10,371,348,93.80%,23,00:00:19,00:01:40,00:03:29,73.63%,No
11,166,164,98.80%,2,00:00:12,00:02:10,00:02:46,81.33%,Yes
12,32,32,100.00%,0,00:00:02,00:02:03,00:00:03,100.00%,No
13,231,222,96.10%,9,00:00:08,00:01:49,00:02:18,86.46%,No
14,205,197,96.10%,8,00:00:07,00:01:52,00:02:48,92.61%,Yes
15,338,313,92.60%,25,00:00:13,00:01:51,00:03:40,80.06%,No
16,180,174,96.67%,6,00:00:13,00:02:18,00:03:26,83.80%,No
17,226,211,93.36%,15,00:00:20,00:02:04,00:04:53,76.23%,No
18,226,212,93.81%,14,00:00:10,00:02:03,00:02:45,84.44%,No
19,45,44,97.78%,1,00:00:02,00:02:04,00:00:55,97.78%,No
20,218,194,88.99%,24,00:00:26,00:02:43,00:06:28,68.98%,No
21,187,174,93.05%,13,00:00:15,00:02:16,00:04:39,81.52%,No
22,191,184,96.34%,7,00:00:10,00:02:09,00:03:40,85.64%,Yes
23,188,174,92.55%,14,00:00:15,00:02:25,00:03:09,76.88%,Yes
24,154,148,96.10%,6,00:00:10,00:02:27,00:03:36,85.06%,Yes
25,166,150,90.36%,16,00:00:18,00:02:26,00:04:38,76.83%,No
26,58,57,98.28%,1,00:00:04,00:02:26,00:00:58,94.83%,Yes
27,160,153,95.63%,7,00:00:10,00:02:23,00:02:45,84.91%,Yes
28,86,79,91.86%,7,00:00:32,00:02:43,00:04:40,61.63%,No
29,180,170,94.44%,10,00:00:23,00:02:31,00:05:45,77.53%,No
30,210,192,91.43%,18,00:00:26,00:02:16,00:05:35,67.46%,No
31,163,157,96.32%,6,00:00:14,00:02:19,00:02:55,81.37%,No
32,143,140,97.90%,3,00:00:15,00:02:20,00:04:43,82.52%,No
33,57,55,96.49%,2,00:00:06,00:02:03,00:01:50,91.23%,No
34,179,172,96.09%,7,00:00:13,00:02:17,00:03:23,82.49%,Yes
35,194,184,94.85%,10,00:00:24,00:02:24,00:03:19,70.10%,Yes
36,201,196,97.51%,5,00:00:15,00:02:16,00:04:53,81.59%,Yes
37,218,189,86.70%,29,00:00:32,00:02:37,00:08:04,57.41%,Yes
38,194,190,97.94%,4,00:00:16,00:02:22,00:02:02,81.77%,Yes
39,227,219,96.48%,8,00:00:15,00:02:44,00:03:55,83.63%,No
40,52,52,100.00%,0,00:00:09,00:02:16,00:00:52,94.23%,Yes
41,385,370,96.10%,15,00:00:20,00:02:11,00:03:10,76.19%,Yes
42,137,130,94.89%,7,00:00:16,00:02:26,00:09:47,75.91%,No
43,254,252,99.21%,2,00:00:10,00:02:08,00:01:10,91.34%,Yes
44,211,206,97.63%,5,00:00:11,00:02:24,00:04:37,87.14%,No
45,282,279,98.94%,3,00:00:07,00:02:18,00:01:11,93.21%,No
46,262,260,99.24%,2,00:00:08,00:02:31,00:01:13,90.80%,Yes
47,65,63,96.92%,2,00:00:12,00:02:22,00:02:10,85.94%,Yes
48,325,323,99.38%,2,00:00:05,00:02:13,00:01:14,96.90%,No
49,235,230,97.87%,5,00:00:05,00:02:19,00:00:58,96.14%,Yes
50,215,212,98.60%,3,00:00:05,00:02:14,00:00:58,95.81%,Yes
51,85,85,100.00%,0,00:00:03,00:02:26,00:00:55,97.65%,Yes
52,195,195,100.00%,0,00:00:05,00:02:24,00:02:13,97.44%,Yes
53,188,182,96.81%,6,00:00:15,00:02:14,00:01:51,83.61%,No
54,58,58,100.00%,0,00:00:06,00:02:22,00:00:52,94.83%,Yes
55,251,247,98.41%,4,00:00:14,00:02:16,00:01:53,83.53%,Yes
56,181,178,98.34%,3,00:00:12,00:02:24,00:01:57,86.19%,No
57,228,213,93.42%,15,00:00:26,00:02:16,00:03:07,63.56%,No
58,165,163,98.79%,2,00:00:09,00:02:25,00:02:20,90.24%,Yes
59,185,179,96.76%,6,00:00:17,00:02:17,00:02:33,78.57%,No
60,172,164,95.35%,8,00:00:18,00:02:27,00:04:09,77.06%,No
61,57,51,89.47%,6,00:00:07,00:01:47,00:03:40,90.57%,Yes
62,200,192,96.00%,8,00:00:10,00:02:18,00:02:49,86.43%,No
63,202,199,98.51%,3,00:00:08,00:02:05,00:01:17,91.00%,No
64,217,212,97.70%,5,00:00:07,00:01:55,00:01:50,94.42%,Yes
65,225,223,99.11%,2,00:00:09,00:02:09,00:01:06,91.93%,Yes
66,235,231,98.30%,4,00:00:08,00:02:19,00:01:06,95.71%,Yes
67,202,201,99.50%,1,00:00:08,00:02:21,00:01:53,94.55%,Yes
68,43,39,90.70%,4,00:00:11,00:02:15,00:01:50,76.19%,No
69,194,187,96.39%,7,00:00:10,00:02:27,00:02:30,87.43%,Yes
70,202,199,98.51%,3,00:00:13,00:02:23,00:01:58,86.07%,Yes
71,146,140,95.89%,6,00:00:12,00:02:13,00:04:35,83.45%,Yes
72,147,145,98.64%,2,00:00:09,00:02:15,00:00:58,91.16%,Yes
73,155,145,93.55%,10,00:00:12,00:02:33,00:04:33,82.24%,No
74,157,156,99.36%,1,00:00:09,00:02:24,00:00:53,92.95%,No
75,38,36,94.74%,2,00:00:13,00:02:11,00:00:59,83.78%,Yes
76,166,162,97.59%,4,00:00:09,00:02:29,00:02:45,89.09%,No
77,226,216,95.58%,10,00:00:13,00:02:15,00:01:46,81.45%,Yes
78,253,247,97.63%,6,00:00:10,00:01:54,00:01:17,88.49%,No
79,134,134,100.00%,0,00:00:03,00:02:13,00:00:26,100.00%,No
80,70,67,95.71%,3,00:00:12,00:02:01,00:01:16,83.82%,No
81,83,82,98.80%,1,00:00:07,00:02:03,00:01:16,95.18%,Yes
82,42,40,95.24%,2,00:00:08,00:01:51,00:01:36,90.24%,Yes
83,66,64,96.97%,2,00:00:05,00:02:00,00:01:39,95.45%,No
84,153,146,95.42%,7,00:00:20,00:02:08,00:04:32,76.00%,Yes
85,141,135,95.74%,6,00:00:23,00:02:06,00:02:15,66.91%,No
86,146,143,97.95%,3,00:00:17,00:01:57,00:02:27,78.32%,Yes
87,144,140,97.22%,4,00:00:12,00:01:53,00:02:05,84.03%,No
88,105,103,98.10%,2,00:00:17,00:01:55,00:02:01,76.19%,Yes
89,36,35,97.22%,1,00:00:16,00:01:54,00:01:31,77.14%,No
90,61,57,93.44%,4,00:00:04,00:02:00,00:03:41,91.67%,No
91,60,58,96.67%,2,00:00:11,00:02:08,00:01:34,85.00%,No
92,18,17,94.44%,1,00:00:05,00:02:39,00:00:20,100.00%,Yes
93,206,202,98.06%,4,00:00:09,00:01:54,00:01:10,89.27%,Yes
94,194,193,99.48%,1,00:00:11,00:01:57,00:01:34,84.97%,Yes
95,206,200,97.09%,6,00:00:10,00:02:08,00:02:00,86.27%,No
96,53,53,100.00%,0,00:00:18,00:02:08,00:02:10,77.36%,Yes
97,147,145,98.64%,2,00:00:09,00:01:50,00:01:24,88.36%,No
98,201,197,98.01%,4,00:00:09,00:01:59,00:02:23,90.95%,Yes
99,202,198,98.02%,4,00:00:10,00:02:09,00:01:11,88.50%,No
100,226,219,96.90%,7,00:00:10,00:02:12,00:02:45,88.00%,Yes
101,167,163,97.60%,4,00:00:07,00:02:09,00:01:50,92.77%,No
102,164,164,100.00%,0,00:00:11,00:02:17,00:01:45,89.02%,No
103,42,41,97.62%,1,00:00:11,00:02:09,00:01:18,87.80%,No
104,79,78,98.73%,1,00:00:07,00:02:23,00:00:48,94.87%,Yes
105,165,162,98.18%,3,00:00:09,00:02:09,00:01:50,89.70%,Yes
106,180,174,96.67%,6,00:00:16,00:02:16,00:01:43,77.78%,Yes
107,179,176,98.32%,3,00:00:10,00:02:26,00:01:50,87.64%,No
108,217,215,99.08%,2,00:00:08,00:02:08,00:02:07,91.71%,No
109,171,167,97.66%,4,00:00:10,00:02:15,00:01:50,86.47%,No
110,37,37,100.00%,0,00:00:09,00:01:57,00:01:22,86.49%,Yes
111,215,206,95.81%,9,00:00:18,00:02:09,00:02:45,80.95%,Yes
112,218,212,97.25%,6,00:00:16,00:02:17,00:02:09,84.26%,No
113,205,202,98.54%,3,00:00:11,00:02:25,00:01:37,90.69%,No
114,195,190,97.44%,5,00:00:12,00:02:22,00:01:14,89.01%,Yes
115,181,176,97.24%,5,00:00:13,00:02:13,00:01:16,82.22%,Yes
116,212,206,97.17%,6,00:00:11,00:02:20,00:01:49,89.42%,Yes
117,33,32,96.97%,1,00:00:08,00:02:28,00:00:55,90.91%,Yes
118,298,287,96.31%,11,00:00:13,00:01:35,00:02:51,83.33%,No
119,158,156,98.73%,2,00:00:11,00:02:23,00:01:32,89.81%,Yes
120,156,154,98.72%,2,00:00:12,00:02:13,00:01:01,85.81%,Yes
121,163,163,100.00%,0,00:00:10,00:02:02,00:02:46,92.64%,No
122,98,98,100.00%,0,00:00:07,00:02:10,00:01:10,93.88%,No
123,255,249,97.65%,6,00:00:15,00:02:19,00:05:31,82.68%,No
124,50,49,98.00%,1,00:00:08,00:02:02,00:00:57,92.00%,Yes
125,290,289,99.66%,1,00:00:12,00:02:01,00:01:10,89.27%,Yes
126,296,281,94.93%,15,00:00:22,00:02:08,00:04:30,73.54%,Yes
127,260,257,98.85%,3,00:00:17,00:02:13,00:01:20,87.16%,No
128,201,193,96.02%,8,00:00:19,00:02:23,00:02:02,76.77%,No
129,132,131,99.24%,1,00:00:17,00:02:13,00:01:30,76.52%,No
130,167,165,98.80%,2,00:00:09,00:02:06,00:00:57,92.12%,No
131,85,79,92.94%,6,00:00:18,00:02:25,00:01:53,77.38%,Yes
132,244,236,96.72%,8,00:00:21,00:02:29,00:01:56,75.62%,No
133,186,182,97.85%,4,00:00:14,00:02:13,00:01:38,79.03%,Yes
134,278,264,94.96%,14,00:00:19,00:02:20,00:02:10,76.84%,No
135,272,268,98.53%,4,00:00:15,00:02:30,00:01:45,80.00%,No
136,218,206,94.50%,12,00:00:25,00:02:21,00:03:41,67.28%,Yes
137,152,148,97.37%,4,00:00:14,00:02:18,00:01:25,83.33%,Yes
138,48,43,89.58%,5,00:00:22,00:02:01,00:01:21,69.57%,No
139,186,181,97.31%,5,00:00:14,00:02:20,00:01:49,84.95%,No
140,182,180,98.90%,2,00:00:08,00:02:10,00:00:58,93.37%,No
141,192,188,97.92%,4,00:00:20,00:01:58,00:01:56,76.19%,Yes
142,155,148,95.48%,7,00:00:14,00:02:24,00:02:18,85.33%,Yes
143,144,142,98.61%,2,00:00:11,00:02:19,00:01:05,90.21%,No
144,164,162,98.78%,2,00:00:12,00:02:35,00:01:50,85.37%,No
145,27,26,96.30%,1,00:00:11,00:02:04,00:01:17,81.48%,No
146,177,175,98.87%,2,00:00:11,00:02:19,00:01:35,90.86%,No
147,134,131,97.76%,3,00:00:14,00:02:23,00:01:39,81.34%,No
148,125,120,96.00%,5,00:00:14,00:02:20,00:02:52,84.55%,No
149,167,163,97.60%,4,00:00:16,00:02:24,00:01:12,81.21%,Yes
150,169,167,98.82%,2,00:00:09,00:02:14,00:01:44,89.94%,No
151,162,160,98.77%,2,00:00:16,00:02:15,00:01:31,83.13%,Yes
152,25,25,100.00%,0,00:00:16,00:02:35,00:00:58,76.00%,Yes
153,157,146,92.99%,11,00:00:17,00:02:17,00:01:51,79.74%,No
154,166,154,92.77%,12,00:00:25,00:02:18,00:03:39,66.26%,Yes
155,58,55,94.83%,3,00:00:16,00:02:11,00:02:45,74.14%,Yes
156,75,74,98.67%,1,00:00:15,00:02:13,00:03:18,84.00%,No
157,28,28,100.00%,0,00:00:07,00:02:28,00:00:51,96.43%,Yes
158,108,107,99.07%,1,00:00:09,00:02:11,00:00:59,94.44%,No
159,21,21,100.00%,0,00:00:07,00:02:58,00:00:58,95.24%,Yes
160,189,182,96.30%,7,00:00:21,00:02:10,00:04:46,76.34%,No
161,161,155,96.27%,6,00:00:19,00:02:27,00:01:50,71.88%,No
162,155,151,97.42%,4,00:00:17,00:02:20,00:01:49,80.52%,No
163,161,150,93.17%,11,00:00:17,00:02:22,00:02:45,75.32%,No
164,132,129,97.73%,3,00:00:27,00:02:22,00:02:34,65.15%,No
165,122,119,97.54%,3,00:00:16,00:02:24,00:01:50,80.00%,Yes
166,17,17,100.00%,0,00:00:21,00:02:40,00:00:58,76.47%,No
167,45,45,100.00%,0,00:00:06,00:02:06,00:00:57,95.56%,Yes
168,177,172,97.18%,5,00:00:20,00:02:23,00:02:51,76.00%,Yes
169,133,132,99.25%,1,00:00:10,00:02:25,00:00:59,93.23%,Yes
170,177,167,94.35%,10,00:00:15,00:02:22,00:04:35,83.24%,No
171,127,124,97.64%,3,00:00:16,00:02:22,00:01:45,81.89%,Yes
172,148,147,99.32%,1,00:00:16,00:02:11,00:03:11,83.11%,No
173,23,23,100.00%,0,00:00:32,00:02:02,00:02:43,65.22%,No
174,141,134,95.04%,7,00:00:24,00:02:38,00:02:29,72.14%,Yes
175,124,120,96.77%,4,00:00:20,00:02:33,00:02:58,82.26%,No
176,165,156,94.55%,9,00:00:25,00:02:21,00:02:38,70.55%,Yes
177,168,166,98.81%,2,00:00:21,00:02:33,00:03:43,80.12%,Yes
178,198,188,94.95%,10,00:00:22,00:02:32,00:02:45,70.92%,Yes
179,139,133,95.68%,6,00:00:17,00:02:40,00:03:03,80.15%,No
180,46,45,97.83%,1,00:00:10,00:02:14,00:01:16,88.89%,No
181,184,174,94.57%,10,00:00:23,00:02:37,00:04:35,76.54%,Yes
182,207,190,91.79%,17,00:00:21,00:02:23,00:04:06,71.36%,No
183,191,180,94.24%,11,00:00:21,00:02:32,00:01:53,76.50%,No
184,213,204,95.77%,9,00:00:24,00:02:26,00:02:46,69.67%,No
185,483,451,93.37%,32,00:00:16,00:00:57,00:08:45,79.20%,Yes
186,547,526,96.16%,21,00:00:19,00:01:21,00:03:54,81.58%,Yes
187,54,53,98.15%,1,00:00:25,00:02:36,00:01:18,70.37%,Yes
188,275,261,94.91%,14,00:00:22,00:02:13,00:02:12,74.44%,No
189,205,195,95.12%,10,00:00:24,00:02:34,00:03:00,70.79%,No
190,80,77,96.25%,3,00:00:10,00:02:11,00:01:33,89.61%,Yes
191,200,195,97.50%,5,00:00:21,00:02:30,00:02:48,75.25%,Yes
192,154,150,97.40%,4,00:00:21,00:02:29,00:02:45,74.34%,Yes
193,163,155,95.09%,8,00:00:23,00:02:18,00:02:26,74.52%,Yes
194,12,12,100.00%,0,00:00:25,00:03:37,00:01:28,66.67%,No
195,218,212,97.25%,6,00:00:20,00:01:56,00:04:11,75.93%,No
196,172,163,94.77%,9,00:00:18,00:02:09,00:01:53,81.93%,Yes
197,205,194,94.63%,11,00:00:18,00:02:24,00:01:41,80.60%,Yes
198,178,168,94.38%,10,00:00:23,00:02:28,00:02:50,68.97%,No
199,214,201,93.93%,13,00:00:23,00:02:11,00:02:24,66.03%,No
200,169,161,95.27%,8,00:00:23,00:02:17,00:04:35,71.69%,No
201,46,46,100.00%,0,00:00:25,00:02:24,00:01:35,71.74%,Yes
202,183,177,96.72%,6,00:00:18,00:02:30,00:01:07,81.11%,No
203,208,190,91.35%,18,00:00:21,00:02:25,00:01:50,74.11%,No
204,234,224,95.73%,10,00:00:22,00:02:15,00:03:20,74.14%,No
205,204,194,95.10%,10,00:00:18,00:02:17,00:01:50,78.71%,Yes
206,204,189,92.65%,15,00:00:21,00:02:15,00:03:56,70.79%,No
207,99,99,100.00%,0,00:00:16,00:02:25,00:01:02,82.83%,No
208,29,27,93.10%,2,00:00:19,00:02:47,00:02:22,78.57%,No
209,167,159,95.21%,8,00:00:23,00:02:28,00:04:35,70.48%,Yes
210,164,161,98.17%,3,00:00:17,00:02:35,00:01:37,81.71%,Yes
211,158,147,93.04%,11,00:00:21,00:02:34,00:02:03,72.44%,Yes
212,165,161,97.58%,4,00:00:17,00:02:26,00:01:06,77.91%,Yes
213,129,124,96.12%,5,00:00:23,00:02:28,00:01:50,70.87%,No
214,155,149,96.13%,6,00:00:23,00:02:26,00:04:19,74.51%,No
215,24,22,91.67%,2,00:00:28,00:02:24,00:01:21,54.17%,Yes
216,209,200,95.69%,9,00:00:23,00:02:24,00:02:11,66.67%,No
217,239,226,94.56%,13,00:00:26,00:02:19,00:02:50,67.23%,No
218,229,210,91.70%,19,00:00:29,00:02:23,00:08:16,64.16%,No
219,194,172,88.66%,22,00:00:23,00:02:20,00:06:16,66.14%,Yes
220,202,179,88.61%,23,00:00:24,00:02:16,00:02:50,64.43%,No
221,268,254,94.78%,14,00:00:15,00:01:51,00:02:40,81.13%,No
222,52,49,94.23%,3,00:00:18,00:02:18,00:02:17,76.47%,Yes
223,414,397,95.89%,17,00:00:23,00:01:58,00:05:32,70.73%,Yes
224,346,325,93.93%,21,00:00:27,00:02:22,00:02:45,65.69%,No
225,187,179,95.72%,8,00:00:25,00:02:14,00:02:59,67.03%,No
226,203,186,91.63%,17,00:00:24,00:02:38,00:04:35,69.59%,Yes
227,204,194,95.10%,10,00:00:18,00:02:33,00:02:02,82.41%,No
228,126,121,96.03%,5,00:00:21,00:02:32,00:01:51,70.63%,No
229,36,36,100.00%,0,00:00:17,00:02:07,00:01:31,77.78%,Yes
230,180,165,91.67%,15,00:00:27,00:02:30,00:02:19,66.09%,Yes
231,169,162,95.86%,7,00:00:20,00:02:25,00:01:53,74.56%,Yes
232,155,151,97.42%,4,00:00:21,00:02:20,00:02:45,70.97%,No
233,169,137,81.07%,32,00:00:38,00:02:24,00:05:30,40.36%,No
234,61,45,73.77%,16,00:00:32,00:02:49,00:05:30,40.98%,No
235,167,136,81.44%,31,00:00:42,00:02:36,00:05:28,35.98%,No
236,32,27,84.38%,5,00:00:35,00:02:22,00:03:10,53.13%,No
237,229,148,64.63%,81,00:00:36,00:02:48,00:10:39,43.18%,Yes
238,208,204,98.08%,4,00:00:19,00:03:06,00:05:14,77.67%,No
239,175,168,96.00%,7,00:00:25,00:02:51,00:03:44,65.12%,No
240,177,167,94.35%,10,00:00:22,00:02:41,00:04:24,68.39%,Yes
241,822,767,93.31%,55,00:00:24,00:01:25,00:04:35,64.40%,Yes
242,87,85,97.70%,2,00:00:23,00:02:25,00:02:17,67.82%,Yes
243,41,39,95.12%,2,00:00:15,00:02:42,00:01:18,82.50%,Yes
244,280,257,91.79%,23,00:00:31,00:02:33,00:07:55,63.87%,No
245,199,192,96.48%,7,00:00:22,00:02:46,00:02:48,73.87%,No
246,252,239,94.84%,13,00:00:29,00:02:29,00:03:36,64.92%,Yes
247,220,208,94.55%,12,00:00:20,00:02:36,00:02:45,75.59%,Yes
248,206,193,93.69%,13,00:00:24,00:02:27,00:03:37,75.49%,Yes
249,217,206,94.93%,11,00:00:22,00:02:26,00:02:02,71.03%,Yes
250,24,24,100.00%,0,00:00:19,00:02:50,00:01:07,79.17%,No
251,248,238,95.97%,10,00:00:13,00:02:27,00:01:50,85.25%,Yes
252,222,212,95.50%,10,00:00:20,00:02:25,00:03:41,77.73%,Yes
253,190,178,93.68%,12,00:00:32,00:02:27,00:02:45,55.08%,Yes
254,238,231,97.06%,7,00:00:20,00:02:27,00:02:03,79.66%,No
255,214,205,95.79%,9,00:00:20,00:02:34,00:02:34,79.05%,Yes
256,186,176,94.62%,10,00:00:23,00:02:15,00:05:03,70.88%,Yes
257,21,20,95.24%,1,00:00:14,00:02:25,00:00:54,85.00%,No
258,169,157,92.90%,12,00:00:21,00:02:29,00:04:30,77.71%,No
259,149,141,94.63%,8,00:00:16,00:02:38,00:02:37,79.05%,No
260,171,164,95.91%,7,00:00:19,00:02:22,00:03:49,77.19%,No
261,127,122,96.06%,5,00:00:13,00:02:22,00:01:25,87.80%,No
262,21,21,100.00%,0,00:00:08,00:03:03,00:00:58,90.48%,Yes
263,5,5,100.00%,0,00:00:14,00:02:37,00:00:59,80.00%,No
264,33,32,96.97%,1,00:00:26,00:02:04,00:01:45,66.67%,No
265,145,139,95.86%,6,00:00:20,00:02:28,00:03:41,79.02%,No
266,129,127,98.45%,2,00:00:19,00:02:13,00:01:49,75.59%,No
267,194,178,91.75%,16,00:00:26,00:02:36,00:05:20,67.19%,Yes
268,194,187,96.39%,7,00:00:24,00:02:25,00:03:44,77.25%,Yes
269,202,195,96.53%,7,00:00:21,00:02:21,00:02:59,74.75%,Yes
270,214,208,97.20%,6,00:00:13,00:02:19,00:00:57,88.15%,No
271,28,28,100.00%,0,00:00:13,00:02:13,00:01:18,89.29%,No
272,191,187,97.91%,4,00:00:15,00:02:23,00:01:40,82.54%,Yes
273,205,197,96.10%,8,00:00:21,00:02:27,00:02:23,74.38%,Yes
274,198,196,98.99%,2,00:00:23,00:02:28,00:02:03,73.60%,No
275,184,177,96.20%,7,00:00:20,00:02:41,00:01:50,78.57%,Yes
276,184,174,94.57%,10,00:00:25,00:02:27,00:02:47,70.00%,Yes
277,168,160,95.24%,8,00:00:26,00:02:25,00:02:04,68.26%,Yes
278,39,37,94.87%,2,00:00:14,00:02:08,00:01:03,81.08%,Yes
279,225,210,93.33%,15,00:00:28,00:02:13,00:02:33,66.97%,Yes
280,182,174,95.60%,8,00:00:32,00:02:16,00:03:56,60.22%,Yes
281,346,305,88.15%,41,00:00:45,00:01:57,00:05:07,45.03%,No
282,450,441,98.00%,9,00:00:19,00:01:53,00:02:31,78.30%,No
283,259,248,95.75%,11,00:00:20,00:02:06,00:01:51,75.39%,No
284,231,214,92.64%,17,00:00:18,00:02:06,00:02:31,79.56%,Yes
285,48,47,97.92%,1,00:00:13,00:02:03,00:01:46,89.58%,No
286,246,236,95.93%,10,00:00:20,00:02:11,00:04:36,79.18%,Yes
287,202,195,96.53%,7,00:00:25,00:02:15,00:05:33,74.50%,No
288,153,150,98.04%,3,00:00:15,00:02:15,00:02:12,82.24%,No
289,178,172,96.63%,6,00:00:19,00:02:15,00:04:35,78.29%,Yes
290,172,165,95.93%,7,00:00:19,00:02:24,00:03:24,79.29%,No
291,208,200,96.15%,8,00:00:26,00:02:23,00:03:15,68.78%,Yes
292,77,76,98.70%,1,00:00:29,00:02:16,00:01:54,58.44%,No
293,291,250,85.91%,41,00:00:41,00:02:20,00:07:10,55.44%,Yes
294,219,212,96.80%,7,00:00:21,00:02:19,00:01:50,76.85%,Yes
295,173,169,97.69%,4,00:00:18,00:02:13,00:02:14,81.40%,Yes
296,204,197,96.57%,7,00:00:17,00:02:23,00:01:57,80.00%,Yes
297,216,185,85.65%,31,00:00:30,00:02:17,00:06:26,61.43%,No
298,461,441,95.66%,20,00:00:30,00:02:18,00:03:40,61.49%,Yes
299,56,55,98.21%,1,00:00:26,00:02:11,00:01:53,66.07%,Yes
300,192,176,91.67%,16,00:00:23,00:02:05,00:02:47,68.28%,No
301,382,365,95.55%,17,00:00:20,00:01:35,00:02:53,73.14%,No
302,246,223,90.65%,23,00:00:25,00:02:14,00:05:24,71.67%,No
303,48,46,95.83%,2,00:00:26,00:02:14,00:01:25,72.34%,No
304,221,205,92.76%,16,00:00:26,00:02:15,00:03:15,63.08%,No
305,275,261,94.91%,14,00:00:33,00:02:19,00:02:58,58.52%,Yes
306,39,36,92.31%,3,00:00:19,00:01:53,00:01:52,77.78%,Yes
307,250,236,94.40%,14,00:00:29,00:02:08,00:04:07,59.04%,Yes
308,197,184,93.40%,13,00:00:29,00:02:23,00:03:41,55.61%,Yes
309,223,208,93.27%,15,00:00:28,00:02:21,00:06:51,72.27%,Yes
310,240,236,98.33%,4,00:00:18,00:02:14,00:02:08,77.92%,No
311,55,52,94.55%,3,00:00:16,00:02:19,00:01:42,78.18%,Yes
312,59,54,91.53%,5,00:00:08,00:02:06,00:02:01,84.75%,No
313,36,31,86.11%,5,00:00:11,00:02:22,00:01:56,72.22%,Yes
314,229,219,95.63%,10,00:00:13,00:02:07,00:02:35,84.89%,Yes
315,206,189,91.75%,17,00:00:15,00:02:19,00:03:48,82.83%,Yes
316,225,200,88.89%,25,00:00:21,00:02:21,00:04:42,73.11%,Yes
317,200,193,96.50%,7,00:00:17,00:02:23,00:03:40,79.29%,No
318,189,179,94.71%,10,00:00:22,00:02:10,00:06:41,78.07%,Yes
319,169,159,94.08%,10,00:00:22,00:02:23,00:03:26,73.65%,No
320,41,40,97.56%,1,00:00:25,00:02:32,00:02:05,68.29%,No
321,218,187,85.78%,31,00:00:48,00:02:15,00:05:13,52.11%,No
322,194,185,95.36%,9,00:00:21,00:02:10,00:02:45,71.58%,Yes
323,176,172,97.73%,4,00:00:16,00:02:20,00:02:15,82.08%,Yes
324,181,179,98.90%,2,00:00:18,00:02:21,00:02:17,80.56%,No
325,159,151,94.97%,8,00:00:29,00:01:59,00:03:41,61.01%,No
326,144,135,93.75%,9,00:00:24,00:02:12,00:06:25,70.63%,No
327,30,29,96.67%,1,00:00:33,00:02:58,00:02:16,60.00%,Yes
328,197,185,93.91%,12,00:00:24,00:02:18,00:02:20,68.23%,No
329,56,47,83.93%,9,00:00:24,00:02:22,00:02:48,58.93%,No
330,182,153,84.07%,29,00:00:38,00:02:17,00:10:41,53.89%,Yes
331,178,166,93.26%,12,00:00:30,00:02:24,00:05:12,62.07%,No
332,183,164,89.62%,19,00:00:25,00:02:04,00:03:40,65.91%,Yes
333,197,182,92.39%,15,00:00:28,00:02:25,00:04:20,64.80%,No
334,60,58,96.67%,2,00:00:37,00:02:36,00:03:10,54.24%,No
335,241,224,92.95%,17,00:00:23,00:02:25,00:02:45,70.46%,No
336,307,295,96.09%,12,00:00:29,00:02:16,00:02:45,60.46%,No
337,295,289,97.97%,6,00:00:26,00:02:23,00:03:11,70.69%,Yes
338,239,230,96.23%,9,00:00:26,00:02:14,00:03:14,68.91%,Yes
339,241,231,95.85%,10,00:00:23,00:02:25,00:01:52,72.46%,No
340,211,195,92.42%,16,00:00:33,00:02:42,00:03:16,52.40%,No
341,40,35,87.50%,5,00:00:40,00:02:35,00:03:12,47.50%,Yes
342,192,174,90.63%,18,00:00:32,00:02:16,00:03:40,55.79%,No
343,201,179,89.05%,22,00:00:35,00:02:18,00:03:40,57.29%,No
344,274,247,90.15%,27,00:00:28,00:02:10,00:04:04,63.94%,No
345,205,176,85.85%,29,00:00:41,00:02:16,00:05:11,46.23%,Yes
346,177,160,90.40%,17,00:00:28,00:02:20,00:03:59,59.20%,No
347,159,151,94.97%,8,00:00:22,00:02:08,00:07:22,73.25%,No
348,33,28,84.85%,5,00:00:13,00:02:30,00:01:02,66.67%,Yes
349,228,210,92.11%,18,00:00:23,00:02:08,00:03:09,66.67%,No
350,177,172,97.18%,5,00:00:25,00:02:15,00:02:52,69.14%,Yes
351,197,169,85.79%,28,00:00:34,00:02:30,00:07:41,55.67%,Yes
352,721,616,85.44%,105,00:00:57,00:01:55,00:05:48,28.31%,No
353,301,270,89.70%,31,00:00:42,00:02:05,00:10:06,42.47%,Yes
354,179,175,97.77%,4,00:00:24,00:02:21,00:03:12,71.35%,No
355,45,45,100.00%,0,00:00:16,00:02:11,00:03:21,86.67%,Yes
356,180,164,91.11%,16,00:00:25,00:02:22,00:01:50,61.80%,No
357,206,200,97.09%,6,00:00:22,00:02:19,00:02:07,74.63%,No
358,187,181,96.79%,6,00:00:32,00:02:30,00:03:54,62.70%,No
359,186,177,95.16%,9,00:00:28,00:02:22,00:05:30,67.93%,No
360,189,180,95.24%,9,00:00:35,00:02:15,00:03:24,56.45%,Yes
361,127,116,91.34%,11,00:00:34,00:02:25,00:02:46,56.45%,No
362,93,90,96.77%,3,00:00:26,00:01:57,00:02:57,63.44%,Yes
363,328,292,89.02%,36,00:00:37,00:02:17,00:06:25,49.68%,No
364,238,223,93.70%,15,00:00:33,00:02:23,00:03:40,59.23%,Yes
365,237,222,93.67%,15,00:00:34,00:02:24,00:02:52,53.85%,Yes
366,257,235,91.44%,22,00:00:45,00:02:31,00:04:24,44.66%,No
367,238,223,93.70%,15,00:00:32,00:02:17,00:03:22,54.70%,Yes
368,199,164,82.41%,35,00:00:32,00:02:13,00:06:56,59.18%,Yes
369,30,27,90.00%,3,00:00:32,00:02:34,00:02:37,60.71%,No
370,176,163,92.61%,13,00:00:38,00:02:05,00:05:30,54.29%,No
371,162,144,88.89%,18,00:00:41,00:02:25,00:03:40,50.31%,Yes
372,169,157,92.90%,12,00:00:29,00:02:29,00:01:56,53.89%,Yes
373,155,146,94.19%,9,00:00:30,00:02:18,00:03:10,50.98%,No
374,247,205,83.00%,42,00:00:49,00:02:26,00:07:36,38.49%,No
375,191,186,97.38%,5,00:00:24,00:02:14,00:01:54,70.53%,No
376,30,29,96.67%,1,00:00:06,00:02:15,00:00:46,93.33%,No
377,316,290,91.77%,26,00:00:31,00:02:21,00:04:02,59.16%,Yes
378,211,195,92.42%,16,00:00:34,00:02:21,00:06:25,55.77%,No
379,208,169,81.25%,39,00:00:45,00:02:18,00:07:15,45.85%,No
380,130,124,95.38%,6,00:00:22,00:02:17,00:02:15,68.99%,No
381,134,129,96.27%,5,00:00:24,00:02:12,00:03:28,70.90%,Yes
382,124,121,97.58%,3,00:00:27,00:02:19,00:03:19,70.73%,Yes
383,47,43,91.49%,4,00:00:37,00:02:18,00:03:16,54.35%,Yes
384,197,186,94.42%,11,00:00:28,00:02:18,00:02:27,63.83%,Yes
385,158,146,92.41%,12,00:00:31,00:02:24,00:03:40,56.96%,Yes
386,163,151,92.64%,12,00:00:28,00:02:13,00:04:53,63.75%,No
387,178,160,89.89%,18,00:00:35,00:02:39,00:04:41,54.49%,Yes
388,151,128,84.77%,23,00:00:35,00:02:23,00:05:38,53.38%,Yes
389,118,106,89.83%,12,00:00:33,00:02:25,00:04:32,55.17%,Yes
390,31,28,90.32%,3,00:00:40,00:02:40,00:03:12,43.33%,Yes
391,139,134,96.40%,5,00:00:31,00:02:23,00:02:50,59.42%,Yes
392,171,154,90.06%,17,00:00:27,00:02:24,00:06:28,65.66%,Yes
393,160,156,97.50%,4,00:00:27,00:02:15,00:01:47,64.56%,No
394,177,169,95.48%,8,00:00:29,00:02:31,00:03:40,64.37%,Yes
395,187,180,96.26%,7,00:00:26,00:02:22,00:05:56,65.59%,No
396,147,138,93.88%,9,00:00:26,00:02:24,00:05:19,61.38%,Yes
397,35,35,100.00%,0,00:00:08,00:02:10,00:00:47,88.57%,Yes
398,208,194,93.27%,14,00:00:35,00:02:26,00:04:26,56.93%,No
399,162,155,95.68%,7,00:00:19,00:02:17,00:03:43,77.99%,Yes
400,152,143,94.08%,9,00:00:22,00:02:28,00:03:41,70.00%,Yes
401,132,125,94.70%,7,00:00:26,00:02:07,00:03:52,68.94%,Yes
402,133,131,98.50%,2,00:00:12,00:02:19,00:01:19,87.12%,Yes
403,129,121,93.80%,8,00:00:33,00:02:37,00:04:01,61.42%,Yes
404,37,35,94.59%,2,00:00:19,00:02:21,00:01:32,75.68%,Yes
405,56,54,96.43%,2,00:00:13,00:02:33,00:02:13,87.27%,No
406,215,210,97.67%,5,00:00:12,00:01:34,00:01:42,87.74%,Yes
407,50,46,92.00%,4,00:00:14,00:02:42,00:01:13,72.00%,Yes
408,136,129,94.85%,7,00:00:22,00:02:26,00:02:30,66.42%,No
409,160,142,88.75%,18,00:00:35,00:02:34,00:03:10,55.92%,Yes
410,132,115,87.12%,17,00:00:36,00:02:27,00:04:35,48.84%,Yes
411,30,28,93.33%,2,00:00:47,00:02:36,00:02:22,40.00%,Yes
412,150,140,93.33%,10,00:00:29,00:02:32,00:02:11,63.09%,Yes
413,160,144,90.00%,16,00:00:46,00:02:39,00:04:25,49.68%,No
414,132,122,92.42%,10,00:00:37,00:02:38,00:03:51,50.00%,No
415,161,151,93.79%,10,00:00:28,00:02:07,00:02:50,61.39%,No
416,156,149,95.51%,7,00:00:22,00:02:28,00:04:11,70.32%,Yes
417,137,128,93.43%,9,00:00:31,00:02:30,00:05:04,62.69%,Yes
418,28,25,89.29%,3,00:01:00,00:02:47,00:04:46,32.14%,No
419,141,133,94.33%,8,00:00:33,00:02:42,00:04:38,63.31%,Yes
420,130,123,94.62%,7,00:00:32,00:02:40,00:02:20,53.49%,Yes
421,161,155,96.27%,6,00:00:27,00:02:43,00:02:43,73.58%,No
422,139,132,94.96%,7,00:00:28,00:02:40,00:01:51,63.31%,Yes
423,167,130,77.84%,37,00:00:29,00:02:34,00:11:56,54.60%,No
424,138,122,88.41%,16,00:00:35,00:02:49,00:05:30,57.78%,Yes
425,47,44,93.62%,3,00:00:26,00:03:11,00:03:29,63.04%,Yes
426,230,206,89.57%,24,00:00:38,00:02:34,00:04:35,46.72%,No
427,177,153,86.44%,24,00:00:30,00:02:53,00:04:28,55.49%,No
428,159,149,93.71%,10,00:00:33,00:02:40,00:04:32,61.04%,Yes
429,151,135,89.40%,16,00:00:36,00:02:32,00:04:41,52.74%,Yes
430,138,126,91.30%,12,00:00:34,00:02:17,00:04:10,59.70%,Yes
431,118,118,100.00%,0,00:00:26,00:02:33,00:01:38,66.10%,Yes
432,22,21,95.45%,1,00:00:42,00:02:24,00:02:56,52.38%,Yes
433,177,156,88.14%,21,00:00:42,00:02:39,00:03:16,42.37%,No
434,156,147,94.23%,9,00:00:29,00:02:31,00:03:41,63.64%,Yes
435,123,121,98.37%,2,00:00:26,00:02:28,00:03:29,64.23%,No
436,130,125,96.15%,5,00:00:26,00:02:29,00:03:28,66.93%,No
437,141,134,95.04%,7,00:00:39,00:02:33,00:03:08,56.43%,No
438,121,113,93.39%,8,00:00:38,00:02:38,00:04:18,50.83%,Yes
439,35,31,88.57%,4,00:00:34,00:02:05,00:04:29,47.06%,Yes
440,240,226,94.17%,14,00:00:36,00:02:15,00:04:06,57.02%,Yes
441,130,118,90.77%,12,00:00:32,00:02:23,00:03:40,57.81%,Yes
442,140,130,92.86%,10,00:00:29,00:02:31,00:07:35,62.32%,No
443,131,111,84.73%,20,00:00:38,00:03:16,00:09:59,59.69%,No
444,74,74,100.00%,0,00:00:13,00:02:55,00:01:53,89.19%,Yes
445,24,24,100.00%,0,00:00:12,00:02:47,00:00:57,83.33%,No
446,11,10,90.91%,1,00:00:13,00:02:24,00:00:55,81.82%,Yes
447,28,26,92.86%,2,00:00:10,00:02:30,00:01:26,81.48%,Yes
448,43,43,100.00%,0,00:00:08,00:02:23,00:00:52,88.37%,Yes
449,62,62,100.00%,0,00:00:17,00:02:12,00:01:26,82.26%,Yes
450,70,69,98.57%,1,00:00:22,00:02:06,00:08:40,81.43%,No
451,107,97,90.65%,10,00:00:21,00:02:26,00:02:40,68.87%,No
452,91,85,93.41%,6,00:00:30,00:02:27,00:05:49,62.64%,No
453,25,25,100.00%,0,00:00:11,00:02:40,00:00:55,84.00%,No
454,85,79,92.94%,6,00:00:24,00:02:31,00:03:07,72.29%,Yes
455,91,83,91.21%,8,00:00:26,00:02:37,00:03:40,62.64%,Yes
456,48,46,95.83%,2,00:00:11,00:02:13,00:01:22,82.98%,Yes
457,14,11,78.57%,3,00:00:18,00:02:27,00:02:45,61.54%,No
458,43,42,97.67%,1,00:00:22,00:02:47,00:03:15,73.81%,No
459,74,69,93.24%,5,00:00:23,00:02:31,00:04:48,76.71%,Yes
460,33,33,100.00%,0,00:00:14,00:02:25,00:01:29,81.82%,No
461,124,112,90.32%,12,00:00:26,00:02:36,00:05:30,64.75%,No
462,130,126,96.92%,4,00:00:25,00:02:30,00:02:58,65.89%,Yes
463,139,139,100.00%,0,00:00:18,00:02:40,00:03:03,77.54%,No
464,138,130,94.20%,8,00:00:26,00:02:27,00:01:52,61.48%,Yes
465,125,119,95.20%,6,00:00:22,00:02:29,00:03:40,68.00%,No
466,98,96,97.96%,2,00:00:20,00:02:36,00:02:53,77.32%,No
467,12,12,100.00%,0,00:00:18,00:03:07,00:01:36,83.33%,No
468,119,117,98.32%,2,00:00:18,00:02:39,00:02:43,78.15%,Yes
469,100,96,96.00%,4,00:00:21,00:02:37,00:02:45,76.00%,No
470,146,133,91.10%,13,00:00:31,00:02:30,00:03:40,57.75%,Yes
471,131,127,96.95%,4,00:00:22,00:02:25,00:02:28,72.66%,No
472,107,104,97.20%,3,00:00:08,00:02:27,00:01:36,92.45%,No
473,112,105,93.75%,7,00:00:24,00:02:38,00:04:28,67.27%,No
474,21,21,100.00%,0,00:00:32,00:02:31,00:01:25,52.38%,Yes
475,125,104,83.20%,21,00:00:37,00:02:44,00:02:45,44.63%,Yes
476,35,34,97.14%,1,00:00:24,00:02:12,00:02:16,74.29%,No
477,121,109,90.08%,12,00:00:38,00:02:32,00:05:21,53.78%,No
478,135,122,90.37%,13,00:00:32,00:02:34,00:03:08,57.58%,No
479,117,114,97.44%,3,00:00:22,00:02:38,00:02:27,75.86%,No
480,114,97,85.09%,17,00:00:39,00:02:50,00:08:16,45.13%,Yes
481,50,49,98.00%,1,00:00:35,00:02:55,00:02:22,52.00%,Yes
482,207,198,95.65%,9,00:00:16,00:02:43,00:03:51,80.49%,Yes
483,189,183,96.83%,6,00:00:21,00:02:31,00:03:58,74.19%,No
484,162,156,96.30%,6,00:00:24,00:02:22,00:02:08,66.46%,No
485,177,165,93.22%,12,00:00:26,00:02:31,00:03:50,66.47%,No
486,177,167,94.35%,10,00:00:23,00:02:35,00:02:45,68.97%,No
487,163,134,82.21%,29,00:00:38,00:02:42,00:07:16,47.20%,Yes
488,24,20,83.33%,4,00:00:26,00:03:23,00:02:16,65.22%,No
489,146,139,95.21%,7,00:00:18,00:02:34,00:06:21,75.86%,Yes
490,143,141,98.60%,2,00:00:22,00:02:45,00:02:45,72.03%,Yes
491,132,122,92.42%,10,00:00:31,00:02:28,00:04:36,56.49%,Yes
492,137,130,94.89%,7,00:00:26,00:02:25,00:02:06,64.44%,Yes
493,112,104,92.86%,8,00:00:43,00:02:37,00:04:07,40.91%,No
494,110,91,82.73%,19,00:00:50,00:02:38,00:05:12,36.70%,No
495,24,22,91.67%,2,00:00:32,00:02:14,00:04:46,58.33%,Yes
496,168,154,91.67%,14,00:00:36,00:02:44,00:03:52,49.40%,Yes
497,146,116,79.45%,30,00:00:42,00:02:28,00:15:00,54.93%,Yes
498,100,95,95.00%,5,00:00:31,00:02:38,00:02:53,57.00%,Yes
499,144,131,90.97%,13,00:00:26,00:02:27,00:02:37,63.57%,No
500,110,104,94.55%,6,00:00:24,00:02:26,00:02:22,64.22%,No
501,126,111,88.10%,15,00:00:31,00:02:38,00:04:36,52.80%,Yes
502,24,24,100.00%,0,00:00:48,00:02:54,00:04:44,41.67%,No
503,128,122,95.31%,6,00:00:35,00:02:59,00:02:42,51.56%,No
504,185,176,95.14%,9,00:00:27,00:02:23,00:05:05,67.93%,Yes
505,136,114,83.82%,22,00:00:57,00:02:25,00:05:31,28.79%,Yes
506,130,116,89.23%,14,00:00:44,00:02:41,00:06:00,44.44%,No
507,103,101,98.06%,2,00:00:18,00:02:42,00:02:23,77.45%,No
508,99,89,89.90%,10,00:00:20,00:02:27,00:01:30,73.68%,No
509,26,24,92.31%,2,00:00:23,00:02:00,00:01:53,68.00%,No
510,95,94,98.95%,1,00:00:21,00:02:31,00:03:34,75.53%,No
511,136,131,96.32%,5,00:00:17,00:02:29,00:02:21,81.06%,No
512,37,34,91.89%,3,00:00:41,00:02:11,00:05:46,64.86%,No
513,105,100,95.24%,5,00:00:22,00:02:30,00:02:12,72.28%,No
514,100,92,92.00%,8,00:00:30,00:02:27,00:04:35,63.27%,Yes
515,115,103,89.57%,12,00:00:44,00:02:46,00:04:35,37.17%,Yes
516,38,36,94.74%,2,00:00:39,00:02:56,00:02:54,52.63%,No
517,108,95,87.96%,13,00:00:26,00:02:49,00:02:46,63.81%,Yes
518,124,118,95.16%,6,00:00:23,00:02:31,00:03:01,73.77%,Yes
519,97,92,94.85%,5,00:00:25,00:02:36,00:02:23,67.71%,Yes
520,117,108,92.31%,9,00:00:37,00:01:46,00:04:03,48.67%,Yes
521,34,31,91.18%,3,00:00:27,00:02:37,00:02:32,64.71%,No
522,53,50,94.34%,3,00:00:28,00:02:11,00:03:16,66.04%,Yes
523,29,23,79.31%,6,00:00:42,00:02:47,00:03:40,32.14%,Yes
524,120,107,89.17%,13,00:00:34,00:02:39,00:03:21,44.07%,Yes
525,107,100,93.46%,7,00:00:33,00:02:33,00:02:08,51.43%,No
526,173,159,91.91%,14,00:00:47,00:02:44,00:05:30,39.41%,Yes
527,256,213,83.20%,43,00:00:44,00:02:45,00:05:18,41.70%,Yes
528,199,174,87.44%,25,00:00:36,00:02:35,00:04:35,53.06%,No
529,182,170,93.41%,12,00:00:40,00:02:44,00:03:27,45.81%,Yes
530,42,41,97.62%,1,00:00:42,00:02:53,00:03:40,56.10%,Yes
531,181,168,92.82%,13,00:00:34,00:02:35,00:02:43,51.69%,No
532,159,147,92.45%,12,00:00:30,00:02:36,00:04:39,58.71%,Yes
533,142,134,94.37%,8,00:00:26,00:02:50,00:01:50,61.87%,Yes
534,194,163,84.02%,31,00:00:30,00:02:38,00:05:31,51.04%,No
535,235,210,89.36%,25,00:00:38,00:02:53,00:04:35,48.90%,No
536,206,180,87.38%,26,00:00:51,00:02:47,00:07:03,38.61%,Yes
537,58,47,81.03%,11,00:00:48,00:02:36,00:04:35,42.11%,Yes
538,212,194,91.51%,18,00:00:38,00:02:33,00:04:21,51.20%,No
539,232,214,92.24%,18,00:00:34,00:02:36,00:05:30,55.90%,No
540,348,327,93.97%,21,00:00:32,00:02:28,00:07:20,54.62%,Yes
541,167,156,93.41%,11,00:00:32,00:02:43,00:02:57,56.79%,Yes
542,167,157,94.01%,10,00:00:27,00:02:57,00:05:19,67.48%,Yes
543,166,161,96.99%,5,00:00:21,00:02:45,00:01:32,73.33%,No
544,32,28,87.50%,4,00:00:22,00:02:43,00:07:35,64.52%,No
545,52,49,94.23%,3,00:00:32,00:02:58,00:03:02,63.46%,Yes
546,154,149,96.75%,5,00:00:26,00:02:52,00:01:50,64.90%,Yes
547,223,218,97.76%,5,00:00:18,00:02:07,00:02:00,80.09%,No
548,170,157,92.35%,13,00:00:17,00:03:04,00:06:25,78.44%,Yes
549,145,133,91.72%,12,00:00:26,00:02:56,00:03:39,69.23%,Yes
550,144,138,95.83%,6,00:00:17,00:02:53,00:02:45,83.80%,Yes
551,16,15,93.75%,1,00:00:17,00:03:00,00:02:45,68.75%,Yes
552,135,131,97.04%,4,00:00:20,00:02:37,00:02:00,76.12%,Yes
553,137,133,97.08%,4,00:00:24,00:02:49,00:02:46,69.12%,No
554,149,144,96.64%,5,00:00:17,00:02:39,00:02:02,82.76%,Yes
555,155,143,92.26%,12,00:00:16,00:02:41,00:06:25,80.14%,Yes
556,128,121,94.53%,7,00:00:19,00:02:55,00:04:35,77.78%,Yes
557,134,125,93.28%,9,00:00:21,00:02:38,00:03:18,72.52%,Yes
558,21,21,100.00%,0,00:00:23,00:02:37,00:02:50,76.19%,Yes
559,150,138,92.00%,12,00:00:30,00:02:52,00:04:16,58.67%,Yes
560,163,158,96.93%,5,00:00:14,00:02:28,00:02:01,81.99%,No
561,160,151,94.38%,9,00:00:12,00:02:39,00:02:57,87.18%,No
562,132,125,94.70%,7,00:00:30,00:02:46,00:03:47,64.62%,Yes
563,131,126,96.18%,5,00:00:17,00:02:47,00:02:35,78.29%,No
564,158,146,92.41%,12,00:00:21,00:02:42,00:03:40,75.32%,No
565,19,16,84.21%,3,00:00:51,00:02:46,00:04:14,47.37%,No
566,151,128,84.77%,23,00:00:52,00:02:30,00:05:38,37.93%,No
567,139,128,92.09%,11,00:00:32,00:02:44,00:03:34,51.80%,No
568,166,135,81.33%,31,00:00:41,00:02:40,00:05:09,46.50%,Yes
569,258,196,75.97%,62,00:01:10,00:02:30,00:07:51,24.29%,Yes
570,203,176,86.70%,27,00:00:40,00:02:30,00:09:09,44.78%,Yes
571,182,162,89.01%,20,00:00:25,00:02:48,00:03:40,59.43%,Yes
572,18,17,94.44%,1,00:00:55,00:04:01,00:05:46,50.00%,Yes
573,215,170,79.07%,45,00:00:55,00:02:49,00:07:26,43.06%,Yes
574,209,203,97.13%,6,00:00:25,00:02:42,00:03:40,74.88%,Yes
575,140,134,95.71%,6,00:00:20,00:02:59,00:03:21,76.26%,No
576,124,110,88.71%,14,00:00:15,00:02:56,00:08:16,81.82%,Yes
577,179,163,91.06%,16,00:00:23,00:02:44,00:04:17,71.59%,Yes
578,163,161,98.77%,2,00:00:10,00:02:40,00:01:51,94.41%,No
579,27,27,100.00%,0,00:00:05,00:02:48,00:00:19,100.00%,Yes
580,182,175,96.15%,7,00:00:19,00:02:38,00:03:08,79.89%,Yes
581,164,159,96.95%,5,00:00:11,00:02:23,00:06:28,90.18%,No
582,160,159,99.38%,1,00:00:05,00:02:40,00:00:58,98.74%,No
583,174,155,89.08%,19,00:00:16,00:02:41,00:06:39,77.06%,No
584,235,230,97.87%,5,00:00:05,00:02:27,00:01:50,95.74%,No
585,175,174,99.43%,1,00:00:04,00:02:26,00:01:53,98.86%,No
586,25,25,100.00%,0,00:00:04,00:03:15,00:00:55,96.00%,No
587,170,167,98.24%,3,00:00:06,00:02:35,00:03:40,94.08%,Yes
588,187,168,89.84%,19,00:00:26,00:02:20,00:04:49,70.43%,Yes
589,53,51,96.23%,2,00:00:06,00:02:29,00:01:50,88.68%,Yes
590,121,117,96.69%,4,00:00:13,00:02:36,00:02:41,85.83%,No
591,143,139,97.20%,4,00:00:05,00:02:26,00:01:56,94.41%,No
592,100,96,96.00%,4,00:00:06,00:02:28,00:01:50,91.92%,No
593,17,17,100.00%,0,00:00:08,00:02:55,00:00:59,88.24%,No
594,113,110,97.35%,3,00:00:08,00:02:33,00:01:18,90.18%,Yes
595,139,128,92.09%,11,00:00:13,00:02:38,00:03:40,82.01%,Yes
596,135,134,99.26%,1,00:00:04,00:02:34,00:01:50,98.52%,Yes
597,29,29,100.00%,0,00:00:15,00:03:13,00:01:29,79.31%,No
598,120,116,96.67%,4,00:00:05,00:02:43,00:02:45,95.83%,No
599,115,108,93.91%,7,00:00:09,00:02:50,00:04:25,88.70%,No
600,14,14,100.00%,0,00:00:14,00:02:17,00:01:14,78.57%,No
601,107,104,97.20%,3,00:00:07,00:02:29,00:00:58,90.57%,Yes
602,137,128,93.43%,9,00:00:10,00:02:30,00:02:03,85.29%,Yes
603,106,105,99.06%,1,00:00:11,00:02:47,00:01:53,85.85%,Yes
604,116,108,93.10%,8,00:00:19,00:02:26,00:02:33,84.07%,Yes
605,120,117,97.50%,3,00:00:09,00:02:37,00:01:05,90.76%,Yes
606,123,121,98.37%,2,00:00:07,00:02:27,00:01:55,91.06%,Yes
607,31,31,100.00%,0,00:00:03,00:02:18,00:00:03,100.00%,No
608,140,139,99.29%,1,00:00:08,00:02:39,00:01:11,92.14%,Yes
609,168,161,95.83%,7,00:00:18,00:02:24,00:02:24,73.65%,Yes
610,146,144,98.63%,2,00:00:06,00:02:38,00:00:58,94.48%,Yes
611,110,106,96.36%,4,00:00:15,00:02:50,00:02:30,80.00%,No
612,342,333,97.37%,9,00:00:15,00:02:10,00:02:39,81.42%,Yes
613,190,183,96.32%,7,00:00:16,00:02:32,00:01:59,78.95%,Yes
614,25,24,96.00%,1,00:00:06,00:02:22,00:00:48,91.67%,No
615,169,162,95.86%,7,00:00:09,00:02:31,00:04:36,89.16%,No
616,130,129,99.23%,1,00:00:11,00:02:30,00:01:52,86.92%,No
617,22,20,90.91%,2,00:00:09,00:03:15,00:01:50,90.48%,No
618,5,5,100.00%,0,00:00:28,00:02:25,00:01:14,60.00%,No
619,119,115,96.64%,4,00:00:11,00:02:28,00:01:50,86.44%,No
620,140,138,98.57%,2,00:00:09,00:02:17,00:02:11,92.14%,Yes
621,22,22,100.00%,0,00:00:06,00:02:21,00:00:48,90.91%,Yes
622,126,124,98.41%,2,00:00:08,00:02:35,00:00:58,94.40%,No
623,122,111,90.98%,11,00:00:13,00:02:43,00:02:13,77.69%,Yes
624,113,108,95.58%,5,00:00:13,00:02:31,00:01:27,82.88%,Yes
625,119,109,91.60%,10,00:00:17,00:02:36,00:05:15,83.62%,Yes
626,134,119,88.81%,15,00:00:24,00:02:46,00:02:45,63.43%,Yes
627,101,97,96.04%,4,00:00:16,00:02:33,00:01:38,77.00%,No
628,20,20,100.00%,0,00:00:04,00:02:24,00:00:18,100.00%,Yes
629,169,162,95.86%,7,00:00:17,00:02:32,00:05:31,80.12%,No
630,137,133,97.08%,4,00:00:29,00:02:37,00:02:42,62.04%,No
631,133,127,95.49%,6,00:00:18,00:02:39,00:04:36,81.95%,Yes
632,184,179,97.28%,5,00:00:10,00:02:03,00:02:44,90.56%,Yes
633,145,135,93.10%,10,00:00:21,00:02:35,00:03:10,74.13%,No
634,114,108,94.74%,6,00:00:14,00:02:31,00:02:33,82.88%,No
635,24,23,95.83%,1,00:00:05,00:02:12,00:00:55,95.83%,Yes
636,143,136,95.10%,7,00:00:09,00:02:32,00:05:30,84.51%,Yes
637,119,114,95.80%,5,00:00:08,00:02:22,00:01:19,90.60%,No
638,123,118,95.93%,5,00:00:21,00:02:46,00:02:44,70.73%,No
639,145,141,97.24%,4,00:00:14,00:02:36,00:01:50,83.33%,No
640,108,106,98.15%,2,00:00:26,00:02:50,00:04:57,68.22%,No
641,128,125,97.66%,3,00:00:13,00:02:45,00:01:42,82.68%,Yes
642,27,26,96.30%,1,00:00:20,00:02:51,00:02:40,84.62%,No
643,155,151,97.42%,4,00:00:11,00:02:32,00:02:18,89.61%,No
644,116,110,94.83%,6,00:00:18,00:02:23,00:02:47,75.00%,Yes
645,117,111,94.87%,6,00:00:18,00:02:43,00:02:06,76.52%,No
646,113,105,92.92%,8,00:00:31,00:02:37,00:03:40,53.98%,No
647,107,101,94.39%,6,00:00:23,00:02:44,00:03:11,73.58%,No
648,146,141,96.58%,5,00:00:25,00:02:22,00:02:46,65.75%,No
649,29,26,89.66%,3,00:00:09,00:02:37,00:01:50,85.71%,No
650,231,228,98.70%,3,00:00:15,00:02:09,00:03:26,81.39%,Yes
651,239,215,89.96%,24,00:00:23,00:02:36,00:04:35,66.67%,Yes
652,174,154,88.51%,20,00:00:29,00:02:40,00:05:08,61.31%,No
653,168,163,97.02%,5,00:00:21,00:02:49,00:02:45,70.66%,No
654,135,128,94.81%,7,00:00:18,00:02:36,00:05:30,72.59%,No
655,122,113,92.62%,9,00:00:30,00:02:49,00:03:40,61.16%,Yes
656,13,12,92.31%,1,00:00:24,00:02:45,00:01:12,66.67%,No
657,20,18,90.00%,2,00:00:23,00:02:43,00:02:44,73.68%,Yes
658,152,141,92.76%,11,00:00:22,00:02:41,00:04:29,70.00%,Yes
659,132,131,99.24%,1,00:00:12,00:02:39,00:02:00,87.02%,No
660,180,171,95.00%,9,00:00:21,00:02:51,00:02:39,71.91%,Yes
661,193,189,97.93%,4,00:00:13,00:02:35,00:02:26,82.90%,Yes
662,245,236,96.33%,9,00:00:13,00:02:44,00:02:20,82.79%,Yes
663,35,34,97.14%,1,00:00:11,00:02:11,00:01:44,88.24%,Yes
664,198,190,95.96%,8,00:00:12,00:02:38,00:01:22,84.69%,Yes
665,47,47,100.00%,0,00:00:06,00:02:09,00:00:57,93.62%,No
666,187,186,99.47%,1,00:00:07,00:02:30,00:02:45,93.58%,No
667,57,54,94.74%,3,00:00:07,00:02:37,00:00:55,91.07%,Yes
668,169,162,95.86%,7,00:00:09,00:02:39,00:01:50,88.17%,Yes
669,337,316,93.77%,21,00:00:23,00:02:13,00:05:17,72.92%,Yes
670,44,43,97.73%,1,00:00:09,00:02:35,00:01:50,84.09%,Yes
671,210,206,98.10%,4,00:00:12,00:02:39,00:02:32,87.08%,No
672,190,186,97.89%,4,00:00:17,00:02:22,00:04:53,84.13%,No
673,190,182,95.79%,8,00:00:10,00:02:40,00:01:38,87.03%,No
674,169,168,99.41%,1,00:00:11,00:02:25,00:01:48,88.17%,No
675,52,50,96.15%,2,00:00:06,00:02:34,00:00:58,92.16%,No
676,144,137,95.14%,7,00:00:14,00:02:36,00:02:56,77.08%,No
677,36,36,100.00%,0,00:00:15,00:02:53,00:01:41,80.56%,No
678,155,148,95.48%,7,00:00:14,00:02:26,00:03:23,81.29%,No
679,159,154,96.86%,5,00:00:16,00:02:41,00:02:12,78.62%,No
680,115,110,95.65%,5,00:00:14,00:02:28,00:02:17,83.19%,Yes
681,186,173,93.01%,13,00:00:19,00:02:39,00:02:44,73.51%,No
682,167,157,94.01%,10,00:00:23,00:02:32,00:02:49,67.68%,Yes
683,146,142,97.26%,4,00:00:22,00:02:42,00:01:59,66.90%,Yes
684,41,31,75.61%,10,00:00:39,00:03:43,00:03:40,48.78%,Yes
685,185,85,45.95%,100,00:01:49,00:02:46,00:11:01,3.80%,No
686,149,83,55.70%,66,00:01:38,00:02:18,00:10:06,4.83%,Yes
687,180,115,63.89%,65,00:01:04,00:02:33,00:12:50,23.86%,No
688,173,144,83.24%,29,00:00:38,00:03:00,00:05:32,46.47%,No
689,176,158,89.77%,18,00:00:20,00:02:33,00:05:15,70.35%,No
690,147,120,81.63%,27,00:00:46,00:02:39,00:04:16,39.73%,Yes
691,84,77,91.67%,7,00:00:17,00:02:07,00:04:30,73.49%,Yes
692,325,78,24.00%,247,00:03:13,00:03:01,00:17:27,0.00%,Yes
693,441,103,23.36%,338,00:04:04,00:02:43,00:15:38,0.23%,Yes
694,525,116,22.10%,409,00:05:08,00:03:08,00:22:56,0.00%,No
695,610,201,32.95%,409,00:03:13,00:02:52,00:19:15,3.52%,Yes
696,427,282,66.04%,145,00:01:02,00:02:49,00:14:42,24.88%,No
697,378,331,87.57%,47,00:00:43,00:02:37,00:05:30,40.33%,No
698,80,67,83.75%,13,00:00:38,00:03:12,00:05:30,46.25%,No
699,356,320,89.89%,36,00:00:34,00:02:52,00:05:30,52.56%,Yes
700,409,355,86.80%,54,00:00:44,00:02:55,00:04:21,39.70%,Yes
701,352,302,85.80%,50,00:00:41,00:03:03,00:05:49,47.40%,Yes
702,282,239,84.75%,43,00:00:39,00:03:06,00:08:26,51.07%,No
703,429,390,90.91%,39,00:00:38,00:02:41,00:03:40,44.66%,No
704,310,285,91.94%,25,00:00:33,00:02:45,00:04:12,56.11%,No
705,102,94,92.16%,8,00:00:29,00:02:40,00:02:48,63.73%,No
706,335,297,88.66%,38,00:00:39,00:02:33,00:03:42,43.64%,Yes
707,313,291,92.97%,22,00:00:26,00:02:25,00:03:42,64.29%,Yes
708,251,240,95.62%,11,00:00:24,00:02:42,00:02:45,67.20%,Yes
709,190,176,92.63%,14,00:00:24,00:02:31,00:03:53,67.72%,No
710,188,170,90.43%,18,00:00:34,00:02:49,00:06:25,53.23%,No
711,166,160,96.39%,6,00:00:15,00:02:40,00:02:45,81.82%,No
712,73,68,93.15%,5,00:00:15,00:02:13,00:02:28,78.87%,Yes
713,170,159,93.53%,11,00:00:20,00:02:40,00:04:51,73.21%,No
714,188,181,96.28%,7,00:00:23,00:02:39,00:03:01,68.28%,Yes
715,306,262,85.62%,44,00:00:44,00:02:48,00:07:37,46.33%,Yes
716,201,185,92.04%,16,00:00:23,00:02:38,00:02:46,67.34%,Yes
717,188,184,97.87%,4,00:00:17,00:02:36,00:02:22,79.26%,Yes
718,148,131,88.51%,17,00:00:31,00:02:51,00:03:36,53.06%,No
719,21,17,80.95%,4,00:00:52,00:03:29,00:11:00,52.38%,Yes
720,148,129,87.16%,19,00:00:40,00:03:01,00:06:56,45.52%,No
721,167,154,92.22%,13,00:00:17,00:02:43,00:02:49,73.49%,Yes
722,169,158,93.49%,11,00:00:16,00:02:36,00:01:44,75.00%,Yes
723,175,163,93.14%,12,00:00:22,00:02:37,00:02:18,71.10%,No
724,193,183,94.82%,10,00:00:16,00:02:49,00:02:48,80.21%,Yes
725,154,144,93.51%,10,00:00:20,00:02:41,00:02:54,73.51%,No
726,35,34,97.14%,1,00:00:14,00:03:06,00:00:58,77.14%,No
727,172,161,93.60%,11,00:00:20,00:02:48,00:02:32,72.09%,No
728,195,182,93.33%,13,00:00:24,00:02:51,00:03:10,66.84%,No
729,163,157,96.32%,6,00:00:17,00:02:46,00:05:33,82.21%,Yes
730,134,126,94.03%,8,00:00:30,00:02:58,00:04:59,63.57%,Yes
731,158,142,89.87%,16,00:00:25,00:02:45,00:02:56,59.35%,No
732,161,144,89.44%,17,00:00:34,00:02:49,00:05:00,53.13%,Yes
733,36,34,94.44%,2,00:00:20,00:02:05,00:01:57,72.22%,No
734,147,136,92.52%,11,00:00:17,00:02:55,00:03:15,76.71%,Yes
735,131,130,99.24%,1,00:00:18,00:02:47,00:03:18,76.92%,Yes
736,128,120,93.75%,8,00:00:22,00:02:47,00:01:54,68.25%,Yes
737,136,119,87.50%,17,00:00:26,00:02:52,00:04:35,60.15%,Yes
738,225,209,92.89%,16,00:00:19,00:02:29,00:04:06,76.02%,Yes
739,167,151,90.42%,16,00:00:19,00:02:27,00:02:44,73.33%,No
740,48,46,95.83%,2,00:00:16,00:02:26,00:02:38,78.72%,Yes
741,232,204,87.93%,28,00:00:32,00:02:22,00:03:56,55.41%,Yes
742,198,187,94.44%,11,00:00:27,00:02:48,00:03:13,60.20%,No
743,171,163,95.32%,8,00:00:19,00:02:41,00:02:48,69.41%,Yes
744,180,173,96.11%,7,00:00:31,00:02:49,00:08:13,72.22%,Yes
745,192,175,91.15%,17,00:00:26,00:03:01,00:03:40,61.58%,Yes
746,194,180,92.78%,14,00:00:25,00:02:50,00:04:03,68.39%,No
747,37,27,72.97%,10,00:00:35,00:02:53,00:02:58,50.00%,No
748,180,169,93.89%,11,00:00:23,00:02:44,00:02:05,67.98%,Yes
749,213,198,92.96%,15,00:00:16,00:02:47,00:06:21,77.25%,No
750,251,239,95.22%,12,00:00:21,00:02:18,00:02:48,71.77%,No
751,200,189,94.50%,11,00:00:19,00:02:53,00:04:36,76.26%,Yes
752,214,205,95.79%,9,00:00:25,00:02:48,00:07:17,71.96%,No
753,185,154,83.24%,31,00:00:47,00:02:56,00:03:16,35.91%,No
754,49,46,93.88%,3,00:00:38,00:02:21,00:02:16,52.08%,No
755,193,185,95.85%,8,00:00:21,00:02:51,00:03:57,75.79%,No
756,195,184,94.36%,11,00:00:22,00:02:39,00:02:38,70.00%,No
757,211,195,92.42%,16,00:00:34,00:02:51,00:04:31,56.94%,No
758,200,190,95.00%,10,00:00:15,00:02:56,00:03:06,80.93%,Yes
759,48,47,97.92%,1,00:00:15,00:03:13,00:02:58,81.25%,Yes
760,164,159,96.95%,5,00:00:20,00:02:51,00:04:47,77.78%,Yes
761,43,42,97.67%,1,00:00:14,00:02:32,00:02:34,83.72%,No
762,236,223,94.49%,13,00:00:26,00:02:46,00:03:38,64.83%,No
763,270,262,97.04%,8,00:00:15,00:02:36,00:02:08,83.21%,Yes
764,304,262,86.18%,42,00:00:34,00:02:56,00:07:01,56.62%,Yes
765,286,270,94.41%,16,00:00:20,00:02:48,00:03:06,71.48%,Yes
766,317,284,89.59%,33,00:00:30,00:02:48,00:08:16,66.03%,No
767,471,396,84.08%,75,00:00:59,00:02:41,00:05:29,30.80%,Yes
768,48,44,91.67%,4,00:00:29,00:02:31,00:03:07,65.96%,No
769,375,317,84.53%,58,00:00:43,00:02:52,00:05:06,40.87%,Yes
770,327,309,94.50%,18,00:00:22,00:02:48,00:03:46,68.21%,Yes
771,366,316,86.34%,50,00:00:37,00:02:44,00:05:11,53.74%,Yes
772,121,105,86.78%,16,00:00:47,00:03:00,00:08:41,60.00%,No
773,287,266,92.68%,21,00:00:34,00:03:06,00:04:08,59.72%,Yes
774,298,277,92.95%,21,00:00:39,00:03:08,00:03:35,51.18%,Yes
775,70,56,80.00%,14,00:00:46,00:03:23,00:05:08,45.71%,Yes
776,287,255,88.85%,32,00:00:40,00:03:30,00:04:09,46.81%,No
777,298,259,86.91%,39,00:00:30,00:03:14,00:07:15,57.97%,Yes
778,347,317,91.35%,30,00:00:30,00:03:11,00:05:52,59.77%,No
779,414,356,85.99%,58,00:00:43,00:03:27,00:15:32,47.15%,Yes
780,406,362,89.16%,44,00:00:37,00:03:02,00:05:17,53.48%,No
781,366,322,87.98%,44,00:00:35,00:03:03,00:11:12,57.06%,No
782,68,64,94.12%,4,00:00:14,00:02:58,00:02:04,82.35%,No
783,350,320,91.43%,30,00:00:37,00:03:13,00:05:39,54.18%,No
784,437,352,80.55%,85,00:00:52,00:03:01,00:09:33,41.26%,No
785,484,438,90.50%,46,00:00:45,00:02:57,00:05:47,44.79%,Yes
786,405,368,90.86%,37,00:00:35,00:03:09,00:05:41,58.10%,Yes
787,570,368,64.56%,202,00:01:11,00:03:24,00:25:51,23.54%,No
788,424,384,90.57%,40,00:00:49,00:03:14,00:08:56,39.52%,No
789,60,57,95.00%,3,00:00:32,00:03:19,00:03:00,55.93%,No
790,497,442,88.93%,55,00:00:48,00:01:36,00:10:45,57.58%,No
791,429,378,88.11%,51,00:00:37,00:02:05,00:10:55,55.29%,No
792,499,388,77.76%,111,00:00:54,00:02:15,00:16:59,47.76%,No
793,510,434,85.10%,76,00:00:48,00:03:29,00:10:21,42.19%,Yes
794,549,458,83.42%,91,00:01:13,00:03:35,00:09:12,29.07%,Yes
795,590,444,75.25%,146,00:01:23,00:03:34,00:08:58,19.03%,Yes
796,137,120,87.59%,17,00:00:58,00:03:11,00:05:22,33.09%,No
797,598,476,79.60%,122,00:00:58,00:03:39,00:08:45,32.03%,Yes
798,231,180,77.92%,51,00:01:04,00:03:33,00:09:07,33.78%,No
799,724,362,50.00%,362,00:02:01,00:03:55,00:12:18,11.66%,Yes
800,732,367,50.14%,365,00:02:48,00:02:52,00:16:38,8.09%,Yes
801,582,301,51.72%,281,00:02:41,00:04:13,00:21:42,12.08%,No
802,621,344,55.39%,277,00:02:07,00:03:29,00:12:24,14.47%,Yes
803,116,106,91.38%,10,00:00:34,00:04:23,00:04:44,62.93%,Yes
804,533,300,56.29%,233,00:02:12,00:04:03,00:12:24,12.55%,Yes
805,416,322,77.40%,94,00:01:04,00:03:34,00:06:12,38.59%,Yes
806,415,259,62.41%,156,00:02:10,00:03:57,00:13:38,17.89%,No
807,433,289,66.74%,144,00:01:42,00:03:28,00:13:12,22.95%,Yes
808,454,284,62.56%,170,00:01:53,00:03:34,00:19:22,24.44%,Yes
809,244,195,79.92%,49,00:01:25,00:03:51,00:11:22,36.67%,Yes
810,51,48,94.12%,3,00:00:14,00:03:26,00:03:21,84.31%,No
811,202,176,87.13%,26,00:00:24,00:03:42,00:05:28,67.16%,Yes
812,128,118,92.19%,10,00:00:30,00:03:42,00:07:53,74.02%,No
813,102,100,98.04%,2,00:00:14,00:03:32,00:03:09,85.29%,No
814,201,169,84.08%,32,00:00:32,00:03:25,00:06:12,58.08%,Yes
815,261,195,74.71%,66,00:01:01,00:03:27,00:07:55,37.98%,Yes
816,201,173,86.07%,28,00:00:41,00:03:15,00:06:50,59.50%,No
817,64,61,95.31%,3,00:00:09,00:03:15,00:02:23,92.06%,Yes
818,200,168,84.00%,32,00:00:51,00:03:23,00:06:46,48.74%,Yes
819,158,148,93.67%,10,00:00:30,00:03:17,00:04:08,56.69%,Yes
820,174,155,89.08%,19,00:00:26,00:03:01,00:05:10,62.35%,Yes
821,67,64,95.52%,3,00:00:26,00:03:31,00:04:58,71.21%,No
822,24,23,95.83%,1,00:00:23,00:02:50,00:02:01,75.00%,Yes
823,106,92,86.79%,14,00:00:44,00:03:03,00:05:04,45.63%,Yes
824,52,50,96.15%,2,00:00:11,00:03:19,00:01:24,88.46%,Yes
825,223,203,91.03%,20,00:00:31,00:03:18,00:04:11,62.10%,Yes
826,274,233,85.04%,41,00:00:48,00:03:27,00:05:10,36.06%,Yes
827,280,263,93.93%,17,00:00:23,00:03:13,00:03:50,67.64%,No
828,534,468,87.64%,66,00:00:30,00:02:46,00:04:39,57.47%,No
829,315,300,95.24%,15,00:00:24,00:03:11,00:02:50,70.23%,Yes
830,122,113,92.62%,9,00:00:20,00:02:58,00:02:19,76.67%,Yes
831,63,60,95.24%,3,00:00:21,00:02:51,00:02:52,74.19%,No
832,402,368,91.54%,34,00:00:32,00:03:07,00:03:06,54.18%,No
833,413,370,89.59%,43,00:00:29,00:03:10,00:03:22,58.42%,No
834,389,346,88.95%,43,00:00:36,00:03:21,00:05:10,49.87%,Yes
835,495,308,62.22%,187,00:01:31,00:03:25,00:16:35,18.56%,Yes
836,712,340,47.75%,372,00:02:00,00:03:26,00:16:25,12.26%,No
837,1057,602,56.95%,455,00:01:44,00:02:33,00:12:24,11.49%,Yes
838,620,321,51.77%,299,00:02:42,00:03:13,00:16:34,10.87%,Yes
839,1575,871,55.30%,704,00:01:32,00:02:33,00:22:45,13.93%,Yes
840,1349,775,57.45%,574,00:01:46,00:03:10,00:15:53,12.16%,No
841,999,454,45.45%,545,00:02:48,00:03:14,00:13:24,4.07%,No
842,968,547,56.51%,421,00:02:26,00:03:18,00:14:13,11.71%,Yes
843,1066,453,42.50%,613,00:05:04,00:03:39,00:22:37,2.24%,Yes
844,788,633,80.33%,155,00:01:13,00:03:23,00:12:26,20.88%,Yes
845,252,213,84.52%,39,00:00:53,00:03:31,00:08:17,44.08%,No
846,842,625,74.23%,217,00:01:11,00:03:10,00:14:28,26.93%,Yes
847,847,722,85.24%,125,00:00:54,00:03:04,00:08:05,33.49%,No
848,800,615,76.88%,185,00:01:07,00:03:25,00:07:24,23.98%,Yes
849,1100,823,74.82%,277,00:01:08,00:03:18,00:15:31,29.65%,Yes
850,1242,909,73.19%,333,00:01:23,00:03:04,00:11:11,19.00%,No
851,732,460,62.84%,272,00:01:31,00:03:12,00:10:29,17.92%,No
852,112,104,92.86%,8,00:00:34,00:03:21,00:04:13,56.36%,No
853,482,434,90.04%,48,00:00:41,00:03:01,00:11:01,47.44%,Yes
854,570,484,84.91%,86,00:00:51,00:03:07,00:11:48,36.90%,Yes
855,490,398,81.22%,92,00:00:50,00:03:17,00:21:44,36.10%,Yes
856,462,311,67.32%,151,00:01:11,00:03:17,00:08:50,26.34%,No
857,428,373,87.15%,55,00:00:40,00:02:58,00:07:01,50.60%,Yes
858,393,312,79.39%,81,00:01:02,00:03:16,00:08:16,31.40%,No
859,58,50,86.21%,8,00:00:29,00:03:04,00:03:06,67.24%,Yes
860,316,279,88.29%,37,00:00:40,00:02:58,00:03:31,44.16%,No
861,298,274,91.95%,24,00:00:30,00:02:59,00:03:02,55.78%,No
862,308,275,89.29%,33,00:00:40,00:02:56,00:06:54,51.63%,Yes
863,259,242,93.44%,17,00:00:16,00:02:54,00:04:09,78.26%,No
864,464,391,84.27%,73,00:00:55,00:03:31,00:05:13,35.45%,Yes
865,302,275,91.06%,27,00:00:30,00:03:02,00:09:54,56.04%,Yes
866,47,45,95.74%,2,00:00:12,00:02:41,00:02:37,85.11%,No
867,293,279,95.22%,14,00:00:22,00:02:53,00:02:57,67.47%,No
868,245,225,91.84%,20,00:00:18,00:02:55,00:04:11,73.55%,No
869,295,227,76.95%,68,00:00:48,00:03:19,00:05:42,44.79%,Yes
870,205,196,95.61%,9,00:00:20,00:03:06,00:05:10,73.66%,No
871,249,215,86.35%,34,00:00:40,00:02:58,00:24:51,46.09%,No
872,236,213,90.25%,23,00:00:26,00:03:14,00:03:54,63.36%,No
873,39,39,100.00%,0,00:00:14,00:02:30,00:02:27,87.18%,No
874,208,194,93.27%,14,00:00:17,00:02:54,00:02:59,76.96%,No
875,39,38,97.44%,1,00:00:04,00:02:21,00:01:02,94.87%,Yes
876,115,110,95.65%,5,00:00:08,00:02:46,00:04:12,90.43%,Yes
877,338,308,91.12%,30,00:00:27,00:02:50,00:04:11,63.10%,No
878,404,320,79.21%,84,00:00:45,00:02:58,00:11:53,51.39%,Yes
879,436,393,90.14%,43,00:00:26,00:02:51,00:06:13,65.26%,No
880,73,72,98.63%,1,00:00:07,00:02:46,00:01:43,93.15%,No
881,521,492,94.43%,29,00:00:17,00:02:45,00:03:23,78.94%,Yes
882,648,564,87.04%,84,00:00:27,00:02:46,00:05:25,61.36%,Yes
883,729,592,81.21%,137,00:00:55,00:02:53,00:07:29,35.83%,Yes
884,1196,718,60.03%,478,00:01:52,00:03:09,00:11:06,14.62%,No
885,436,323,74.08%,113,00:00:44,00:03:02,00:06:12,43.75%,Yes
886,191,178,93.19%,13,00:00:16,00:02:51,00:04:08,80.53%,No
887,68,68,100.00%,0,00:00:05,00:02:56,00:01:39,98.53%,Yes
888,498,429,86.14%,69,00:00:34,00:03:09,00:04:12,50.71%,No
889,358,329,91.90%,29,00:00:21,00:03:03,00:02:15,66.95%,No
890,340,302,88.82%,38,00:00:24,00:02:50,00:05:10,65.67%,No
891,322,306,95.03%,16,00:00:16,00:02:39,00:06:17,77.74%,Yes
892,296,282,95.27%,14,00:00:18,00:02:37,00:02:45,76.53%,Yes
893,264,234,88.64%,30,00:00:20,00:02:34,00:04:54,69.88%,No
894,52,51,98.08%,1,00:00:06,00:02:36,00:01:05,94.12%,Yes
895,266,264,99.25%,2,00:00:09,00:02:39,00:02:01,90.98%,No
896,242,238,98.35%,4,00:00:09,00:02:45,00:02:30,90.46%,No
897,241,228,94.61%,13,00:00:19,00:02:48,00:06:08,79.58%,No
898,279,269,96.42%,10,00:00:08,00:02:43,00:03:07,91.30%,Yes
899,73,72,98.63%,1,00:00:08,00:03:04,00:02:10,91.78%,No
900,226,218,96.46%,8,00:00:08,00:02:54,00:02:47,91.86%,Yes
901,43,42,97.67%,1,00:00:11,00:02:38,00:01:17,83.72%,Yes
902,311,255,81.99%,56,00:00:45,00:02:55,00:04:50,47.18%,No
903,251,210,83.67%,41,00:00:26,00:02:54,00:09:18,63.52%,No
904,339,313,92.33%,26,00:00:12,00:02:02,00:06:41,82.09%,No
905,323,261,80.80%,62,00:00:41,00:02:57,00:09:27,53.99%,No
906,289,265,91.70%,24,00:00:11,00:03:00,00:05:42,83.27%,Yes
907,310,281,90.65%,29,00:00:15,00:02:41,00:02:57,79.12%,Yes
908,33,31,93.94%,2,00:00:14,00:02:53,00:02:07,84.85%,No
909,346,318,91.91%,28,00:00:12,00:02:36,00:03:32,82.49%,No
910,325,285,87.69%,40,00:00:32,00:02:45,00:09:39,60.82%,No
911,627,504,80.38%,123,00:00:37,00:03:20,00:19:42,56.93%,Yes
912,905,631,69.72%,274,00:01:23,00:03:42,00:12:04,25.68%,Yes
913,1141,610,53.46%,531,00:01:46,00:03:12,00:25:51,14.55%,No
914,863,511,59.21%,352,00:02:07,00:03:03,00:15:43,12.13%,Yes
915,63,56,88.89%,7,00:00:16,00:02:31,00:04:08,70.97%,Yes
916,573,487,84.99%,86,00:00:56,00:02:45,00:05:43,34.99%,No
917,391,323,82.61%,68,00:00:46,00:03:08,00:08:16,42.71%,Yes
918,526,355,67.49%,171,00:01:29,00:03:50,00:18:47,22.40%,Yes
919,343,309,90.09%,34,00:00:39,00:03:24,00:05:10,48.82%,Yes
920,401,346,86.28%,55,00:00:41,00:03:13,00:05:10,44.27%,No
921,281,239,85.05%,42,00:00:41,00:03:07,00:03:20,42.55%,No
922,46,39,84.78%,7,00:00:11,00:03:09,00:04:09,80.43%,Yes
923,357,323,90.48%,34,00:00:32,00:03:08,00:07:14,60.91%,Yes
924,280,255,91.07%,25,00:00:34,00:03:02,00:03:31,52.90%,No
925,258,247,95.74%,11,00:00:25,00:02:57,00:04:12,70.20%,Yes
926,282,255,90.43%,27,00:00:18,00:02:47,00:04:09,74.73%,No
927,253,240,94.86%,13,00:00:18,00:02:41,00:06:11,75.20%,No
928,266,232,87.22%,34,00:00:37,00:02:49,00:06:11,57.59%,Yes
929,30,29,96.67%,1,00:00:10,00:03:21,00:00:49,90.00%,No
930,258,230,89.15%,28,00:00:33,00:03:01,00:04:14,53.54%,No
931,293,282,96.25%,11,00:00:23,00:02:39,00:02:38,70.24%,No
932,377,341,90.45%,36,00:00:20,00:02:21,00:03:09,68.28%,Yes
933,196,182,92.86%,14,00:00:28,00:02:37,00:02:54,61.86%,Yes
934,192,173,90.10%,19,00:00:33,00:02:44,00:06:39,61.78%,Yes
935,185,178,96.22%,7,00:00:17,00:02:46,00:03:09,77.72%,No
936,27,25,92.59%,2,00:00:18,00:02:09,00:03:07,74.07%,No
937,222,214,96.40%,8,00:00:18,00:02:57,00:06:12,74.66%,No
938,217,198,91.24%,19,00:00:09,00:02:43,00:02:57,88.83%,No
939,204,197,96.57%,7,00:00:17,00:02:40,00:03:50,79.70%,No
940,191,181,94.76%,10,00:00:12,00:02:46,00:04:44,87.23%,Yes
941,176,157,89.20%,19,00:00:17,00:02:51,00:04:08,73.53%,No
942,176,163,92.61%,13,00:00:24,00:03:11,00:03:07,64.16%,No
943,26,26,100.00%,0,00:00:24,00:03:03,00:01:57,69.23%,No
944,170,167,98.24%,3,00:00:16,00:02:47,00:02:08,79.41%,No
945,154,147,95.45%,7,00:00:21,00:03:02,00:03:47,75.16%,Yes
946,165,152,92.12%,13,00:00:17,00:02:58,00:03:40,80.75%,Yes
947,153,143,93.46%,10,00:00:19,00:03:05,00:03:15,77.63%,No
948,175,169,96.57%,6,00:00:11,00:02:17,00:02:12,85.63%,No
949,241,214,88.80%,27,00:00:29,00:03:00,00:14:33,66.23%,Yes
950,14,14,100.00%,0,00:00:16,00:02:46,00:01:27,85.71%,No
951,57,55,96.49%,2,00:00:12,00:02:35,00:02:07,85.96%,Yes
952,954,644,67.51%,310,00:01:14,00:02:05,00:11:12,26.33%,Yes
953,374,344,91.98%,30,00:00:28,00:03:03,00:08:52,61.85%,No
954,265,245,92.45%,20,00:00:31,00:03:05,00:03:21,56.70%,No
955,222,205,92.34%,17,00:00:20,00:03:12,00:02:10,72.69%,Yes
956,203,192,94.58%,11,00:00:27,00:03:04,00:04:07,68.66%,No
957,33,31,93.94%,2,00:00:29,00:02:15,00:05:43,78.13%,Yes
958,220,195,88.64%,25,00:00:28,00:02:45,00:03:06,59.62%,Yes
959,185,177,95.68%,8,00:00:16,00:02:33,00:03:08,80.11%,Yes
960,203,172,84.73%,31,00:00:34,00:02:53,00:05:06,52.79%,No
961,218,193,88.53%,25,00:00:34,00:02:58,00:07:34,61.97%,Yes
962,204,194,95.10%,10,00:00:16,00:02:52,00:03:06,81.31%,No
963,242,211,87.19%,31,00:00:44,00:02:57,00:06:08,47.70%,Yes
964,29,29,100.00%,0,00:00:08,00:02:40,00:00:44,89.66%,Yes
965,171,163,95.32%,8,00:00:24,00:02:58,00:03:19,69.23%,Yes
966,190,166,87.37%,24,00:00:46,00:02:59,00:09:20,42.25%,No
967,221,196,88.69%,25,00:00:33,00:02:57,00:05:25,53.67%,Yes
968,297,241,81.14%,56,00:00:49,00:03:11,00:06:52,44.83%,Yes
969,233,214,91.85%,19,00:00:26,00:02:49,00:03:53,62.50%,No
970,198,191,96.46%,7,00:00:14,00:03:01,00:02:09,82.74%,Yes
971,15,15,100.00%,0,00:00:04,00:03:19,00:00:14,100.00%,No
972,27,25,92.59%,2,00:00:08,00:02:34,00:02:04,88.89%,Yes
973,7,6,85.71%,1,00:00:03,00:04:48,00:00:31,85.71%,No
974,169,144,85.21%,25,00:00:33,00:02:36,00:08:31,56.36%,No
975,224,206,91.96%,18,00:00:20,00:02:35,00:02:26,70.72%,No
976,170,160,94.12%,10,00:00:28,00:03:01,00:05:10,62.35%,No
977,161,149,92.55%,12,00:00:24,00:03:08,00:02:34,68.13%,No
978,37,35,94.59%,2,00:00:12,00:02:48,00:01:03,80.56%,Yes
979,183,169,92.35%,14,00:00:32,00:02:58,00:04:28,59.89%,No
980,221,206,93.21%,15,00:00:30,00:02:54,00:04:23,58.18%,No
981,202,193,95.54%,9,00:00:18,00:02:53,00:02:48,75.38%,No
982,193,163,84.46%,30,00:00:36,00:03:12,00:05:12,53.40%,Yes
983,201,196,97.51%,5,00:00:10,00:02:43,00:02:32,89.00%,Yes
984,193,180,93.26%,13,00:00:21,00:02:42,00:03:17,73.16%,Yes
985,27,25,92.59%,2,00:00:25,00:02:03,00:02:07,66.67%,No
986,227,206,90.75%,21,00:00:29,00:03:01,00:04:26,66.67%,No
987,225,199,88.44%,26,00:00:35,00:02:58,00:05:19,52.68%,Yes
988,204,193,94.61%,11,00:00:33,00:02:39,00:05:21,58.82%,Yes
989,221,194,87.78%,27,00:00:29,00:02:48,00:05:05,60.73%,No
990,172,154,89.53%,18,00:00:34,00:03:09,00:03:06,54.17%,Yes
991,161,150,93.17%,11,00:00:36,00:02:51,00:05:53,52.80%,No
992,17,14,82.35%,3,00:00:47,00:03:08,00:02:52,41.18%,No
993,168,145,86.31%,23,00:00:38,00:02:57,00:04:08,50.61%,Yes
994,160,142,88.75%,18,00:00:33,00:02:44,00:09:18,54.14%,No
995,185,159,85.95%,26,00:00:41,00:02:56,00:05:43,42.70%,Yes
996,155,146,94.19%,9,00:00:28,00:02:49,00:03:27,65.16%,No
997,188,172,91.49%,16,00:00:28,00:02:39,00:03:04,59.78%,Yes
998,152,120,78.95%,32,00:00:29,00:02:54,00:06:35,53.06%,No
999,26,26,100.00%,0,00:00:17,00:03:01,00:01:18,80.77%,Yes
1000,152,140,92.11%,12,00:00:21,00:02:58,00:06:40,70.67%,No
1001,130,125,96.15%,5,00:00:08,00:02:39,00:01:02,92.00%,Yes
1002,191,187,97.91%,4,00:00:18,00:02:33,00:02:53,83.07%,Yes
1003,254,227,89.37%,27,00:00:33,00:02:57,00:04:35,56.57%,No
1004,213,188,88.26%,25,00:00:30,00:02:52,00:05:10,54.81%,No
1005,176,151,85.80%,25,00:00:32,00:02:45,00:06:12,55.75%,No
1006,61,59,96.72%,2,00:00:16,00:01:31,00:03:06,80.33%,Yes
1007,166,154,92.77%,12,00:00:28,00:02:56,00:03:16,61.82%,Yes
1008,191,172,90.05%,19,00:00:21,00:02:40,00:03:23,73.77%,No
1009,171,157,91.81%,14,00:00:19,00:02:34,00:02:07,72.62%,Yes
1010,153,124,81.05%,29,00:00:50,00:03:04,00:06:01,45.33%,No
1011,183,158,86.34%,25,00:00:33,00:02:52,00:05:10,51.91%,No
1012,14,14,100.00%,0,00:00:15,00:03:43,00:01:32,85.71%,No
1013,18,18,100.00%,0,00:00:03,00:02:56,00:00:06,100.00%,Yes
1014,159,148,93.08%,11,00:00:22,00:02:36,00:03:15,69.43%,Yes
1015,143,134,93.71%,9,00:00:22,00:02:51,00:05:10,74.10%,No
1016,195,175,89.74%,20,00:00:29,00:02:47,00:04:11,61.58%,Yes
1017,194,150,77.32%,44,00:00:37,00:02:47,00:04:17,47.34%,No
1018,390,362,92.82%,28,00:00:31,00:02:50,00:05:46,59.48%,No
1019,238,205,86.13%,33,00:00:29,00:02:18,00:05:10,60.87%,No
1020,29,28,96.55%,1,00:00:09,00:02:28,00:01:05,89.29%,No
1021,30,29,96.67%,1,00:00:19,00:02:30,00:02:31,83.33%,Yes
1022,287,273,95.12%,14,00:00:16,00:02:20,00:03:06,79.00%,No
1023,474,380,80.17%,94,00:00:39,00:02:08,00:07:58,47.42%,Yes
1024,277,230,83.03%,47,00:00:40,00:02:52,00:06:13,46.18%,Yes
1025,173,163,94.22%,10,00:00:17,00:02:46,00:02:44,77.19%,Yes
1026,167,152,91.02%,15,00:00:13,00:02:37,00:05:10,84.15%,No
1027,27,24,88.89%,3,00:00:20,00:02:05,00:03:43,76.92%,No
1028,173,153,88.44%,20,00:00:29,00:02:46,00:03:06,57.99%,Yes
1029,36,27,75.00%,9,00:00:36,00:02:55,00:03:57,41.67%,No
1030,186,171,91.94%,15,00:00:27,00:02:49,00:03:28,64.48%,Yes
1031,160,149,93.13%,11,00:00:23,00:02:47,00:04:52,74.05%,Yes
1032,233,215,92.27%,18,00:00:22,00:02:34,00:08:08,74.12%,No
1033,162,157,96.91%,5,00:00:13,00:02:32,00:05:10,82.72%,No
1034,27,24,88.89%,3,00:00:18,00:02:10,00:03:51,70.37%,No
1035,168,155,92.26%,13,00:00:26,00:03:18,00:03:08,64.88%,Yes
1036,328,301,91.77%,27,00:00:23,00:02:29,00:06:59,67.91%,Yes
1037,234,208,88.89%,26,00:00:20,00:02:44,00:05:18,72.25%,No
1038,37,34,91.89%,3,00:00:14,00:02:16,00:03:44,83.78%,Yes
1039,185,167,90.27%,18,00:00:18,00:02:43,00:06:12,73.51%,Yes
1040,139,132,94.96%,7,00:00:10,00:02:57,00:03:28,88.32%,Yes
1041,13,11,84.62%,2,00:00:46,00:02:07,00:02:35,41.67%,No
1042,161,152,94.41%,9,00:00:23,00:02:28,00:02:52,69.62%,Yes
1043,149,144,96.64%,5,00:00:15,00:02:46,00:03:01,83.11%,No
1044,178,167,93.82%,11,00:00:22,00:02:42,00:05:24,74.86%,Yes
1045,224,210,93.75%,14,00:00:21,00:03:00,00:04:47,72.52%,Yes
1046,277,273,98.56%,4,00:00:10,00:02:00,00:02:03,89.74%,No
1047,188,172,91.49%,16,00:00:20,00:02:41,00:03:36,72.19%,No
1048,26,22,84.62%,4,00:00:34,00:02:23,00:06:18,68.00%,No
1049,177,167,94.35%,10,00:00:35,00:02:56,00:03:15,56.25%,No
1050,149,144,96.64%,5,00:00:28,00:02:47,00:03:48,66.22%,Yes
1051,147,147,100.00%,0,00:00:11,00:02:51,00:02:03,85.71%,No
1052,140,134,95.71%,6,00:00:19,00:02:44,00:08:19,78.57%,No
1053,177,163,92.09%,14,00:00:19,00:02:35,00:07:16,75.71%,Yes
1054,169,169,100.00%,0,00:00:09,00:02:45,00:01:05,89.94%,No
1055,26,21,80.77%,5,00:00:27,00:02:28,00:02:04,48.00%,Yes
1056,147,140,95.24%,7,00:00:12,00:02:48,00:02:11,85.52%,Yes
1057,127,122,96.06%,5,00:00:21,00:02:48,00:02:07,70.87%,Yes
1058,141,135,95.74%,6,00:00:17,00:02:27,00:04:08,78.01%,No
1059,208,181,87.02%,27,00:00:38,00:02:39,00:04:08,49.02%,Yes
1060,178,163,91.57%,15,00:00:33,00:02:54,00:04:58,54.80%,No
1061,198,190,95.96%,8,00:00:25,00:02:32,00:02:22,67.01%,Yes
1062,21,17,80.95%,4,00:00:44,00:03:31,00:04:37,47.62%,No
1063,171,161,94.15%,10,00:00:16,00:02:35,00:06:14,81.44%,Yes
1064,200,196,98.00%,4,00:00:09,00:02:51,00:02:01,91.92%,No
1065,166,157,94.58%,9,00:00:24,00:02:40,00:01:54,64.63%,No
1066,230,217,94.35%,13,00:00:27,00:02:39,00:02:03,57.21%,No
1067,174,168,96.55%,6,00:00:24,00:02:57,00:02:54,69.59%,No
1068,240,185,77.08%,55,00:01:00,00:03:02,00:05:00,29.79%,Yes
1069,35,27,77.14%,8,00:00:48,00:02:56,00:03:53,43.33%,Yes
1070,198,179,90.40%,19,00:00:27,00:02:41,00:09:40,60.10%,No
1071,189,181,95.77%,8,00:00:19,00:02:59,00:02:44,71.43%,No
1072,229,219,95.63%,10,00:00:30,00:03:15,00:06:25,59.21%,No
1073,254,235,92.52%,19,00:00:27,00:02:56,00:03:52,59.68%,Yes
1074,584,521,89.21%,63,00:00:29,00:02:16,00:04:21,58.30%,No
1075,564,551,97.70%,13,00:00:12,00:01:40,00:01:46,83.96%,No
1076,150,149,99.33%,1,00:00:10,00:01:40,00:02:11,89.33%,No
1077,521,499,95.78%,22,00:00:23,00:01:36,00:03:04,70.93%,No
1078,330,309,93.64%,21,00:00:21,00:03:19,00:06:32,69.54%,No
1079,298,288,96.64%,10,00:00:13,00:03:20,00:04:03,84.75%,No
1080,294,287,97.62%,7,00:00:14,00:03:28,00:03:19,82.25%,No
1081,261,253,96.93%,8,00:00:10,00:03:03,00:05:48,89.96%,Yes
1082,223,210,94.17%,13,00:00:16,00:03:07,00:05:23,80.09%,Yes
1083,59,58,98.31%,1,00:00:21,00:03:41,00:03:12,74.58%,No
1084,340,327,96.18%,13,00:00:21,00:01:55,00:03:46,77.61%,Yes
1085,287,280,97.56%,7,00:00:13,00:03:05,00:01:56,84.32%,No
1086,269,257,95.54%,12,00:00:16,00:03:04,00:03:49,82.02%,No
1087,270,261,96.67%,9,00:00:12,00:03:06,00:04:29,85.87%,Yes
1088,285,273,95.79%,12,00:00:12,00:03:14,00:02:53,85.36%,Yes
1089,251,229,91.24%,22,00:00:22,00:02:59,00:03:06,73.06%,Yes
1090,47,47,100.00%,0,00:00:13,00:03:03,00:01:29,87.23%,No
1091,233,225,96.57%,8,00:00:13,00:03:02,00:01:57,84.72%,No
1092,257,248,96.50%,9,00:00:14,00:03:14,00:03:42,83.40%,No
1093,245,234,95.51%,11,00:00:11,00:03:01,00:01:56,85.95%,Yes
1094,267,265,99.25%,2,00:00:05,00:02:59,00:01:13,97.36%,No
1095,231,224,96.97%,7,00:00:11,00:02:56,00:02:54,86.58%,Yes
1096,236,226,95.76%,10,00:00:19,00:03:04,00:03:06,75.00%,Yes
1097,81,78,96.30%,3,00:00:11,00:02:57,00:00:58,81.25%,No
1098,281,273,97.15%,8,00:00:11,00:03:02,00:03:21,88.49%,No
1099,399,387,96.99%,12,00:00:11,00:02:51,00:02:25,86.36%,No
1100,291,287,98.63%,4,00:00:11,00:02:36,00:03:38,87.97%,Yes
1101,290,281,96.90%,9,00:00:07,00:03:03,00:01:00,91.64%,No
1102,230,227,98.70%,3,00:00:08,00:03:06,00:01:12,91.67%,No
1103,236,216,91.53%,20,00:00:17,00:03:09,00:02:54,70.69%,No
1104,45,44,97.78%,1,00:00:05,00:02:45,00:01:56,93.33%,No
1105,249,238,95.58%,11,00:00:11,00:02:42,00:01:58,86.53%,No
1106,350,328,93.71%,22,00:00:28,00:02:31,00:02:28,58.26%,No
1107,361,306,84.76%,55,00:00:27,00:02:26,00:06:41,60.17%,Yes
1108,262,256,97.71%,6,00:00:13,00:02:50,00:02:54,86.15%,Yes
1109,302,288,95.36%,14,00:00:21,00:02:56,00:02:59,71.10%,Yes
1110,299,268,89.63%,31,00:00:28,00:02:49,00:02:58,55.41%,No
1111,50,49,98.00%,1,00:00:24,00:02:55,00:02:08,76.00%,No
1112,285,273,95.79%,12,00:00:21,00:02:49,00:03:30,76.16%,No
1113,77,75,97.40%,2,00:00:09,00:02:43,00:02:10,92.11%,No
1114,332,321,96.69%,11,00:00:17,00:02:58,00:03:34,80.66%,No
1115,282,266,94.33%,16,00:00:22,00:03:10,00:08:12,74.29%,Yes
1116,256,248,96.88%,8,00:00:14,00:03:00,00:03:52,82.35%,Yes
1117,177,176,99.44%,1,00:00:12,00:02:37,00:01:45,83.52%,No
1118,27,24,88.89%,3,00:00:13,00:02:15,00:01:08,74.07%,No
1119,307,305,99.35%,2,00:00:09,00:03:01,00:01:42,91.80%,No
1120,587,577,98.30%,10,00:00:10,00:02:08,00:01:56,91.94%,No
1121,270,265,98.15%,5,00:00:07,00:02:44,00:01:56,91.79%,No
1122,307,297,96.74%,10,00:00:14,00:02:59,00:02:55,82.24%,No
1123,242,238,98.35%,4,00:00:06,00:02:42,00:01:55,94.63%,Yes
1124,194,182,93.81%,12,00:00:12,00:02:57,00:01:36,81.15%,No
1125,21,21,100.00%,0,00:00:12,00:03:07,00:01:34,90.48%,Yes
1126,291,288,98.97%,3,00:00:07,00:02:46,00:01:24,93.79%,No
1127,516,479,92.83%,37,00:00:26,00:02:40,00:03:31,63.80%,No
1128,452,447,98.89%,5,00:00:06,00:02:04,00:03:52,94.44%,No
1129,375,375,100.00%,0,00:00:05,00:02:13,00:01:05,96.53%,No
1130,306,287,93.79%,19,00:00:19,00:02:15,00:04:50,76.32%,Yes
1131,241,235,97.51%,6,00:00:15,00:02:40,00:01:57,80.33%,Yes
1132,34,34,100.00%,0,00:00:18,00:03:01,00:02:08,85.29%,No
1133,248,238,95.97%,10,00:00:19,00:02:43,00:04:33,74.09%,No
1134,323,307,95.05%,16,00:00:13,00:02:42,00:03:28,82.70%,No
1135,260,257,98.85%,3,00:00:10,00:02:29,00:01:42,91.12%,No
1136,316,311,98.42%,5,00:00:10,00:02:41,00:02:54,87.54%,No
1137,60,59,98.33%,1,00:00:03,00:02:41,00:01:55,98.33%,No
1138,267,251,94.01%,16,00:00:19,00:02:27,00:07:44,75.56%,Yes
1139,30,29,96.67%,1,00:00:08,00:02:00,00:00:46,93.10%,Yes
1140,247,238,96.36%,9,00:00:13,00:02:35,00:02:54,83.33%,No
1141,376,365,97.07%,11,00:00:15,00:03:00,00:03:30,81.77%,No
1142,316,306,96.84%,10,00:00:13,00:02:55,00:01:58,82.80%,Yes
1143,310,304,98.06%,6,00:00:07,00:02:51,00:01:40,92.16%,Yes
1144,340,327,96.18%,13,00:00:23,00:02:55,00:02:34,71.34%,No
1145,306,289,94.44%,17,00:00:24,00:02:43,00:05:04,69.74%,No
1146,40,40,100.00%,0,00:00:05,00:02:46,00:00:51,97.50%,Yes
1147,378,370,97.88%,8,00:00:11,00:02:52,00:02:36,86.70%,Yes
1148,424,416,98.11%,8,00:00:14,00:02:54,00:03:41,83.89%,Yes
1149,356,353,99.16%,3,00:00:05,00:02:48,00:01:04,97.17%,Yes
1150,320,308,96.25%,12,00:00:10,00:02:33,00:03:24,88.99%,Yes
1151,351,341,97.15%,10,00:00:11,00:02:50,00:01:49,86.25%,No
1152,85,83,97.65%,2,00:00:13,00:02:47,00:03:44,85.88%,No
1153,44,43,97.73%,1,00:00:09,00:02:33,00:03:52,84.09%,Yes
1154,388,363,93.56%,25,00:00:19,00:03:06,00:02:54,75.20%,Yes
1155,283,280,98.94%,3,00:00:06,00:03:05,00:01:49,95.73%,No
1156,241,238,98.76%,3,00:00:05,00:02:55,00:03:16,96.67%,Yes
1157,280,273,97.50%,7,00:00:09,00:02:46,00:03:38,88.21%,Yes
1158,294,273,92.86%,21,00:00:26,00:03:16,00:02:44,61.77%,No
1159,290,246,84.83%,44,00:00:27,00:03:04,00:04:44,63.86%,No
1160,32,32,100.00%,0,00:00:06,00:02:43,00:01:10,96.88%,No
1161,270,263,97.41%,7,00:00:12,00:02:52,00:02:00,85.45%,No
1162,212,208,98.11%,4,00:00:08,00:02:43,00:02:34,91.00%,No
1163,246,238,96.75%,8,00:00:07,00:02:53,00:03:48,91.84%,No
1164,194,190,97.94%,4,00:00:08,00:02:43,00:03:34,92.78%,No
1165,179,176,98.32%,3,00:00:06,00:02:44,00:01:43,96.05%,Yes
1166,67,65,97.01%,2,00:00:09,00:02:36,00:01:59,89.55%,No
1167,27,27,100.00%,0,00:00:09,00:02:27,00:01:33,88.89%,Yes
1168,190,183,96.32%,7,00:00:09,00:02:38,00:02:54,87.83%,Yes
1169,213,205,96.24%,8,00:00:10,00:02:38,00:05:02,88.15%,Yes
1170,208,205,98.56%,3,00:00:04,00:02:36,00:02:53,97.09%,Yes
1171,166,165,99.40%,1,00:00:08,00:02:41,00:03:31,92.77%,No
1172,169,161,95.27%,8,00:00:18,00:02:52,00:03:37,73.96%,Yes
1173,175,167,95.43%,8,00:00:10,00:02:29,00:03:52,86.29%,No
1174,43,43,100.00%,0,00:00:04,00:02:42,00:00:29,100.00%,Yes
1175,24,24,100.00%,0,00:00:03,00:02:46,00:00:03,100.00%,Yes
1176,26,26,100.00%,0,00:00:05,00:02:52,00:00:58,92.31%,No
1177,42,41,97.62%,1,00:00:03,00:02:41,00:00:03,100.00%,Yes
1178,37,36,97.30%,1,00:00:05,00:02:24,00:04:50,94.59%,Yes
1179,60,60,100.00%,0,00:00:05,00:03:07,00:01:01,96.67%,Yes
1180,82,81,98.78%,1,00:00:03,00:02:24,00:00:58,97.56%,Yes
1181,31,31,100.00%,0,00:00:06,00:02:20,00:01:01,93.55%,No
1182,178,171,96.07%,7,00:00:16,00:02:43,00:02:06,76.14%,Yes
1183,183,175,95.63%,8,00:00:13,00:02:27,00:04:38,85.56%,No
1184,39,37,94.87%,2,00:00:03,00:02:53,00:00:58,97.37%,No
1185,170,167,98.24%,3,00:00:12,00:02:24,00:02:50,85.29%,No
1186,180,168,93.33%,12,00:00:12,00:02:46,00:04:29,83.15%,No
1187,24,24,100.00%,0,00:00:04,00:02:36,00:00:21,100.00%,Yes
1188,7,7,100.00%,0,00:00:33,00:02:39,00:01:33,42.86%,No
1189,181,181,100.00%,0,00:00:12,00:02:47,00:01:29,87.85%,No
1190,209,206,98.56%,3,00:00:05,00:02:42,00:00:58,95.17%,No
1191,180,179,99.44%,1,00:00:04,00:02:28,00:01:02,97.21%,Yes
1192,221,203,91.86%,18,00:00:12,00:02:43,00:02:55,87.32%,Yes
1193,254,248,97.64%,6,00:00:10,00:02:48,00:03:07,90.87%,No
1194,627,577,92.03%,50,00:00:41,00:02:39,00:05:20,47.81%,Yes
1195,167,159,95.21%,8,00:00:18,00:03:10,00:03:55,76.05%,No
1196,599,554,92.49%,45,00:00:25,00:02:35,00:04:50,63.56%,No
1197,304,300,98.68%,4,00:00:07,00:02:35,00:02:55,92.41%,No
1198,267,260,97.38%,7,00:00:08,00:02:56,00:01:54,90.91%,No
1199,286,281,98.25%,5,00:00:11,00:02:40,00:02:54,86.97%,Yes
1200,196,192,97.96%,4,00:00:13,00:02:43,00:02:06,85.64%,Yes
1201,191,189,98.95%,2,00:00:11,00:03:00,00:02:34,88.42%,No
1202,60,60,100.00%,0,00:00:06,00:01:58,00:00:59,96.67%,Yes
1203,215,207,96.28%,8,00:00:10,00:02:40,00:01:44,90.43%,Yes
1204,221,213,96.38%,8,00:00:08,00:02:35,00:01:47,90.45%,Yes
1205,201,193,96.02%,8,00:00:03,00:02:46,00:00:58,98.45%,No
1206,205,202,98.54%,3,00:00:05,00:02:48,00:01:09,96.06%,Yes
1207,201,194,96.52%,7,00:00:14,00:02:44,00:02:29,84.26%,Yes
1208,140,132,94.29%,8,00:00:07,00:01:51,00:01:56,92.48%,Yes
1209,29,28,96.55%,1,00:00:13,00:03:09,00:01:47,82.76%,Yes
1210,398,372,93.47%,26,00:00:21,00:02:51,00:04:13,72.52%,Yes
1211,255,249,97.65%,6,00:00:15,00:03:01,00:02:09,83.33%,No
1212,283,278,98.23%,5,00:00:17,00:02:38,00:01:59,79.57%,No
1213,230,222,96.52%,8,00:00:21,00:02:46,00:02:45,72.25%,Yes
1214,185,183,98.92%,2,00:00:10,00:03:15,00:01:20,89.73%,Yes
1215,197,194,98.48%,3,00:00:13,00:02:49,00:02:01,82.65%,No
1216,15,14,93.33%,1,00:00:12,00:03:14,00:01:48,86.67%,No
1217,230,228,99.13%,2,00:00:07,00:02:47,00:01:01,93.89%,Yes
1218,232,224,96.55%,8,00:00:12,00:02:51,00:01:34,86.46%,No
1219,237,231,97.47%,6,00:00:11,00:03:01,00:01:59,87.71%,Yes
1220,42,39,92.86%,3,00:00:17,00:02:51,00:01:40,78.57%,Yes
1221,215,211,98.14%,4,00:00:06,00:03:06,00:02:54,94.81%,No
1222,153,152,99.35%,1,00:00:04,00:02:35,00:00:55,98.69%,Yes
1223,39,39,100.00%,0,00:00:14,00:03:42,00:01:37,84.62%,No
1224,334,322,96.41%,12,00:00:17,00:02:56,00:02:18,77.13%,No
1225,236,225,95.34%,11,00:00:13,00:02:53,00:01:56,85.09%,No
1226,186,182,97.85%,4,00:00:08,00:02:38,00:02:10,95.11%,Yes
1227,202,197,97.52%,5,00:00:13,00:02:33,00:01:56,87.00%,No
1228,185,182,98.38%,3,00:00:08,00:02:49,00:02:33,90.27%,No
1229,38,38,100.00%,0,00:00:04,00:03:26,00:00:57,97.37%,Yes
1230,25,24,96.00%,1,00:00:03,00:02:44,00:00:46,96.00%,No
1231,203,195,96.06%,8,00:00:08,00:02:38,00:08:34,88.56%,Yes
1232,296,292,98.65%,4,00:00:04,00:02:40,00:00:58,98.63%,Yes
1233,233,223,95.71%,10,00:00:09,00:02:47,00:01:46,87.83%,No
1234,198,194,97.98%,4,00:00:08,00:02:42,00:01:43,91.79%,Yes
1235,181,179,98.90%,2,00:00:04,00:02:39,00:00:48,99.44%,Yes
1236,166,162,97.59%,4,00:00:06,00:02:39,00:01:01,93.87%,No
1237,19,19,100.00%,0,00:00:03,00:02:27,00:00:03,100.00%,No
1238,196,181,92.35%,15,00:00:14,00:02:37,00:02:36,78.13%,Yes
1239,176,172,97.73%,4,00:00:16,00:02:30,00:02:56,79.43%,No
1240,221,209,94.57%,12,00:00:12,00:02:42,00:02:50,83.87%,Yes
1241,196,191,97.45%,5,00:00:14,00:02:51,00:05:54,86.01%,No
1242,211,202,95.73%,9,00:00:15,00:02:46,00:02:54,79.33%,Yes
1243,201,194,96.52%,7,00:00:16,00:02:49,00:03:28,81.41%,No
1244,23,22,95.65%,1,00:00:10,00:03:02,00:01:02,82.61%,No
1245,225,210,93.33%,15,00:00:10,00:02:37,00:03:37,85.91%,No
1246,202,195,96.53%,7,00:00:11,00:02:47,00:01:52,86.80%,No
1247,191,184,96.34%,7,00:00:07,00:02:50,00:01:56,92.55%,No
1248,212,209,98.58%,3,00:00:10,00:02:51,00:01:45,89.10%,No
1249,210,203,96.67%,7,00:00:12,00:03:22,00:03:52,85.24%,Yes
1250,167,159,95.21%,8,00:00:16,00:03:16,00:02:42,83.03%,No
1251,12,11,91.67%,1,00:00:03,00:02:12,00:00:58,91.67%,Yes
